<?xml version = '1.0' encoding = 'UTF-8'?>
<InheritanceRelation class="oracle.dbtools.crest.model.design.logical.InheritanceRelation" name="Hierarchy_1" directorySegmentName="seg_0" id="C8F356C4-5F1C-C638-2A84-335E42A561E4">
<createdBy>miguel</createdBy>
<createdTime>2024-09-17 02:44:40 UTC</createdTime>
<ownerDesignName>exp2_S6_Miguel_Bozo</ownerDesignName>
<engineerTo>
<item key="881601A3-29A2-C5A9-AEA7-0880FF60A02F" value="true"/>
</engineerTo>
<identifying>false</identifying>
<nameOnSource>Super Type</nameOnSource>
<nameOnTarget>Sub Type</nameOnTarget>
<optionalSource>true</optionalSource>
<optionalTarget>true</optionalTarget>
<sourceEntity>6D84BA59-FC19-2C7D-C930-97CEF7DA0BA5</sourceEntity>
<targetEntity>EE4BC98E-70F3-CC98-6777-54209D7CB465</targetEntity>
<transferable>true</transferable>
<deleteRule>NO ACTION</deleteRule>
</InheritanceRelation>