<?xml version = '1.0' encoding = 'UTF-8'?>
<InheritanceRelation class="oracle.dbtools.crest.model.design.logical.InheritanceRelation" name="Hierarchy_2" directorySegmentName="seg_0" id="E61CD5D4-3EAE-6C89-C4B9-59DE593A2FAE">
<createdBy>miguel</createdBy>
<createdTime>2024-09-17 02:45:08 UTC</createdTime>
<ownerDesignName>exp2_S6_Miguel_Bozo</ownerDesignName>
<engineerTo>
<item key="881601A3-29A2-C5A9-AEA7-0880FF60A02F" value="true"/>
</engineerTo>
<identifying>false</identifying>
<nameOnSource>Super Type</nameOnSource>
<nameOnTarget>Sub Type</nameOnTarget>
<optionalSource>true</optionalSource>
<optionalTarget>true</optionalTarget>
<sourceEntity>F7A719B0-066A-CABD-0E67-117A41B94215</sourceEntity>
<targetEntity>E2EA175C-6476-4CA7-D764-77DC4A32E249</targetEntity>
<transferable>true</transferable>
<deleteRule>NO ACTION</deleteRule>
</InheritanceRelation>