<?xml version = '1.0' encoding = 'UTF-8'?>
<FKIndexAssociation class="oracle.dbtools.crest.model.design.relational.FKIndexAssociation" directorySegmentName="seg_0" id="0C65F795-5FFC-2F0F-E2F8-DD9748B04E28" containerWithKeyObject="CDF59ADE-464F-3AEE-8586-1D2248A1D4E4" localFKIndex="1EF7BADE-4AD4-CB1E-3CC1-25F1DD2B1C80" name="Proyecto_Concursable_Formulario_FK">
<createdBy>miguel</createdBy>
<createdTime>2024-10-07 02:00:02 UTC</createdTime>
<generatorID>8F25937B-CA0E-1848-2CEB-45F66DD54DDD</generatorID>
<ownerDesignName>EFT_S9_Miguel_Bozo</ownerDesignName>
<referredTableLongName>Formulario</referredTableLongName>
<deleteRule>NO ACTION</deleteRule>
<referredTableID>FF9090FD-4648-4761-2722-7E95ADCFEEE6</referredTableID>
<keyObject>B95AA82E-2CC4-ACE7-4FF3-54E6122CB6C6</keyObject>
<referredKeyID>B95AA82E-2CC4-ACE7-4FF3-54E6122CB6C6</referredKeyID>
<mandatory>true</mandatory>
<refColNames>id_formulario,Academia_id_academia</refColNames>
<transferable>false</transferable>
<rely>false</rely>
<columnDependencyConstraintGenerateInDDL>true</columnDependencyConstraintGenerateInDDL>
</FKIndexAssociation>