<?xml version = '1.0' encoding = 'UTF-8'?>
<FKIndexAssociation class="oracle.dbtools.crest.model.design.relational.FKIndexAssociation" directorySegmentName="seg_0" id="10B97B10-84B5-1AEA-DB37-1F027CA312B5" containerWithKeyObject="43940059-C33B-BD0E-BD64-21E9BB3372A4" localFKIndex="02B2E0A4-1CA0-366D-733D-C36223CFD2C2" name="Profesor_Tipo_Academia_FK">
<createdBy>miguel</createdBy>
<createdTime>2024-10-07 02:00:02 UTC</createdTime>
<generatorID>00C14360-C2BE-888A-5DEB-62C43F5DB66C</generatorID>
<ownerDesignName>EFT_S9_Miguel_Bozo</ownerDesignName>
<referredTableLongName>Tipo_Academia</referredTableLongName>
<deleteRule>NO ACTION</deleteRule>
<referredTableID>53FA1374-EFFE-C229-DB49-EAFCC759B50F</referredTableID>
<keyObject>78B60CB1-479A-ACFD-1E2A-2646CC43A892</keyObject>
<referredKeyID>78B60CB1-479A-ACFD-1E2A-2646CC43A892</referredKeyID>
<mandatory>true</mandatory>
<refColNames>id_tipo</refColNames>
<transferable>true</transferable>
<rely>false</rely>
<columnDependencyConstraintGenerateInDDL>true</columnDependencyConstraintGenerateInDDL>
</FKIndexAssociation>