<?xml version = '1.0' encoding = 'UTF-8'?>
<FKIndexAssociation class="oracle.dbtools.crest.model.design.relational.FKIndexAssociation" directorySegmentName="seg_0" id="17853E2D-4161-2535-CA0F-0FE79DE7F1F9" containerWithKeyObject="2E0BAB24-CB32-9496-7370-14C121C822A2" localFKIndex="853EC880-1961-6A49-CB3B-A71D252D781D" name="Municipalidad_Academia_FK">
<createdBy>miguel</createdBy>
<createdTime>2024-10-07 02:00:02 UTC</createdTime>
<generatorID>A2F30411-6C0B-34FC-87F9-F2604814E865</generatorID>
<ownerDesignName>EFT_S9_Miguel_Bozo</ownerDesignName>
<referredTableLongName>Academia</referredTableLongName>
<deleteRule>NO ACTION</deleteRule>
<referredTableID>CBA85CDA-3DC2-3AD8-9386-B40BBBCE5204</referredTableID>
<keyObject>36073500-E1AD-DDC6-038C-5697A2B19C50</keyObject>
<referredKeyID>36073500-E1AD-DDC6-038C-5697A2B19C50</referredKeyID>
<mandatory>true</mandatory>
<refColNames>id_academia</refColNames>
<transferable>true</transferable>
<rely>false</rely>
<columnDependencyConstraintGenerateInDDL>true</columnDependencyConstraintGenerateInDDL>
</FKIndexAssociation>