<?xml version = '1.0' encoding = 'UTF-8'?>
<FKIndexAssociation class="oracle.dbtools.crest.model.design.relational.FKIndexAssociation" directorySegmentName="seg_0" id="4AE28DE4-F809-F3C3-8D08-0387FBFCFE71" containerWithKeyObject="5D1BD52B-2C11-D32C-ED3E-7F370D24BC24" localFKIndex="21E67B88-E7C6-3EAE-7B5D-3EBA82F79B72" name="Instrumentos_Tipo_Academia_FK">
<createdBy>miguel</createdBy>
<createdTime>2024-10-07 02:00:02 UTC</createdTime>
<generatorID>963B8E64-5158-07E7-F307-66F6123C4D67</generatorID>
<ownerDesignName>EFT_S9_Miguel_Bozo</ownerDesignName>
<referredTableLongName>Tipo_Academia</referredTableLongName>
<deleteRule>NO ACTION</deleteRule>
<referredTableID>53FA1374-EFFE-C229-DB49-EAFCC759B50F</referredTableID>
<keyObject>78B60CB1-479A-ACFD-1E2A-2646CC43A892</keyObject>
<referredKeyID>78B60CB1-479A-ACFD-1E2A-2646CC43A892</referredKeyID>
<mandatory>true</mandatory>
<refColNames>id_tipo</refColNames>
<transferable>true</transferable>
<rely>false</rely>
<columnDependencyConstraintGenerateInDDL>true</columnDependencyConstraintGenerateInDDL>
</FKIndexAssociation>