<?xml version = '1.0' encoding = 'UTF-8'?>
<FKIndexAssociation class="oracle.dbtools.crest.model.design.relational.FKIndexAssociation" directorySegmentName="seg_0" id="55E9E1D2-5C1D-EF6C-9B21-7723AFBF970D" containerWithKeyObject="74C6523A-5DEE-A849-BCF3-51B0F311CAF1" localFKIndex="F3A0D7D3-0590-7F22-A5D8-2A15DAA8AF86" name="Canto_Tipo_Academia_FK">
<createdBy>miguel</createdBy>
<createdTime>2024-10-07 02:00:02 UTC</createdTime>
<generatorID>3D6896B5-3EBD-E33C-B0F0-172910194AE5</generatorID>
<ownerDesignName>EFT_S9_Miguel_Bozo</ownerDesignName>
<referredTableLongName>Tipo_Academia</referredTableLongName>
<deleteRule>NO ACTION</deleteRule>
<referredTableID>53FA1374-EFFE-C229-DB49-EAFCC759B50F</referredTableID>
<keyObject>78B60CB1-479A-ACFD-1E2A-2646CC43A892</keyObject>
<referredKeyID>78B60CB1-479A-ACFD-1E2A-2646CC43A892</referredKeyID>
<mandatory>true</mandatory>
<refColNames>id_tipo</refColNames>
<transferable>true</transferable>
<rely>false</rely>
<columnDependencyConstraintGenerateInDDL>true</columnDependencyConstraintGenerateInDDL>
</FKIndexAssociation>