<?xml version = '1.0' encoding = 'UTF-8'?>
<FKIndexAssociation class="oracle.dbtools.crest.model.design.relational.FKIndexAssociation" directorySegmentName="seg_0" id="69AD95AE-6257-1A52-EF8B-2C50B26F9D9C" containerWithKeyObject="FF9090FD-4648-4761-2722-7E95ADCFEEE6" localFKIndex="D0A43AC0-F35B-DFE1-4BE3-FD8CC6191C64" name="Formulario_Academia_FK">
<createdBy>miguel</createdBy>
<createdTime>2024-10-07 02:00:02 UTC</createdTime>
<generatorID>B7E66FE8-E834-A1AA-9444-DDF44EA995F9</generatorID>
<ownerDesignName>EFT_S9_Miguel_Bozo</ownerDesignName>
<referredTableLongName>Academia</referredTableLongName>
<deleteRule>NO ACTION</deleteRule>
<referredTableID>CBA85CDA-3DC2-3AD8-9386-B40BBBCE5204</referredTableID>
<keyObject>36073500-E1AD-DDC6-038C-5697A2B19C50</keyObject>
<referredKeyID>36073500-E1AD-DDC6-038C-5697A2B19C50</referredKeyID>
<mandatory>true</mandatory>
<refColNames>id_academia</refColNames>
<transferable>false</transferable>
<rely>false</rely>
<columnDependencyConstraintGenerateInDDL>true</columnDependencyConstraintGenerateInDDL>
</FKIndexAssociation>