<?xml version = '1.0' encoding = 'UTF-8'?>
<FKIndexAssociation class="oracle.dbtools.crest.model.design.relational.FKIndexAssociation" directorySegmentName="seg_0" id="939150C9-DC28-89D5-A4B0-1D72CE3DDB57" containerWithKeyObject="1B312D5D-FA9D-7A48-E86F-4CF70CD5F41F" localFKIndex="C7EABA5C-0E4C-9FD1-0B73-95202AAD310A" name="Danza_Tipo_Academia_FK">
<createdBy>miguel</createdBy>
<createdTime>2024-10-07 02:00:02 UTC</createdTime>
<generatorID>B8537AA1-2A95-F8D0-B224-513E9AF07928</generatorID>
<ownerDesignName>EFT_S9_Miguel_Bozo</ownerDesignName>
<referredTableLongName>Tipo_Academia</referredTableLongName>
<deleteRule>NO ACTION</deleteRule>
<referredTableID>53FA1374-EFFE-C229-DB49-EAFCC759B50F</referredTableID>
<keyObject>78B60CB1-479A-ACFD-1E2A-2646CC43A892</keyObject>
<referredKeyID>78B60CB1-479A-ACFD-1E2A-2646CC43A892</referredKeyID>
<mandatory>true</mandatory>
<refColNames>id_tipo</refColNames>
<transferable>true</transferable>
<rely>false</rely>
<columnDependencyConstraintGenerateInDDL>true</columnDependencyConstraintGenerateInDDL>
</FKIndexAssociation>