<?xml version = '1.0' encoding = 'UTF-8'?>
<FKIndexAssociation class="oracle.dbtools.crest.model.design.relational.FKIndexAssociation" directorySegmentName="seg_0" id="B155B7EE-76A8-5BE4-898A-287873379732" containerWithKeyObject="53FA1374-EFFE-C229-DB49-EAFCC759B50F" localFKIndex="8CC71B1C-7E23-5837-C3B7-032092EC07E7" name="Tipo_Academia_Academia_FK">
<createdBy>miguel</createdBy>
<createdTime>2024-10-07 02:00:02 UTC</createdTime>
<generatorID>7400A1E8-10EA-2FA8-22D4-7E16D618B94F</generatorID>
<ownerDesignName>EFT_S9_Miguel_Bozo</ownerDesignName>
<referredTableLongName>Academia</referredTableLongName>
<deleteRule>NO ACTION</deleteRule>
<referredTableID>CBA85CDA-3DC2-3AD8-9386-B40BBBCE5204</referredTableID>
<keyObject>36073500-E1AD-DDC6-038C-5697A2B19C50</keyObject>
<referredKeyID>36073500-E1AD-DDC6-038C-5697A2B19C50</referredKeyID>
<mandatory>true</mandatory>
<refColNames>id_academia</refColNames>
<transferable>true</transferable>
<rely>false</rely>
<columnDependencyConstraintGenerateInDDL>true</columnDependencyConstraintGenerateInDDL>
</FKIndexAssociation>