<?xml version = '1.0' encoding = 'UTF-8'?>
<FKIndexAssociation class="oracle.dbtools.crest.model.design.relational.FKIndexAssociation" directorySegmentName="seg_0" id="B872B7EC-5AB9-4994-3870-1275F6B8C3AC" containerWithKeyObject="FF9090FD-4648-4761-2722-7E95ADCFEEE6" localFKIndex="E3A59508-0448-4EB4-C7CC-8C512E275711" name="Formulario_Proyecto_Concursable_FK">
<createdBy>miguel</createdBy>
<createdTime>2024-10-07 02:00:02 UTC</createdTime>
<generatorID>8F25937B-CA0E-1848-2CEB-45F66DD54DDD</generatorID>
<ownerDesignName>EFT_S9_Miguel_Bozo</ownerDesignName>
<referredTableLongName>Proyecto_Concursable</referredTableLongName>
<deleteRule>NO ACTION</deleteRule>
<referredTableID>CDF59ADE-464F-3AEE-8586-1D2248A1D4E4</referredTableID>
<keyObject>DA2B49CF-F53B-FE8B-DCBC-90B6529D0594</keyObject>
<referredKeyID>DA2B49CF-F53B-FE8B-DCBC-90B6529D0594</referredKeyID>
<mandatory>true</mandatory>
<refColNames>id_proyecto</refColNames>
<transferable>true</transferable>
<rely>false</rely>
<columnDependencyConstraintGenerateInDDL>true</columnDependencyConstraintGenerateInDDL>
</FKIndexAssociation>