<?xml version = '1.0' encoding = 'UTF-8'?>
<FKIndexAssociation class="oracle.dbtools.crest.model.design.relational.FKIndexAssociation" directorySegmentName="seg_0" id="D6CE92B8-3FDD-01AF-6A0A-FD48BCEF65E7" containerWithKeyObject="065102FD-E880-8129-87FB-B79C8FE3FD62" localFKIndex="F75840A8-E9A0-DE68-CAC7-A510ACECA529" name="Turnos_Profesor_FK">
<createdBy>miguel</createdBy>
<createdTime>2024-10-07 02:00:02 UTC</createdTime>
<generatorID>C3564021-F58A-F462-8D5C-EC0BCC30A65B</generatorID>
<ownerDesignName>EFT_S9_Miguel_Bozo</ownerDesignName>
<referredTableLongName>Profesor</referredTableLongName>
<deleteRule>NO ACTION</deleteRule>
<referredTableID>43940059-C33B-BD0E-BD64-21E9BB3372A4</referredTableID>
<keyObject>D19A8897-1958-84EB-8F50-CE942FFC1AD5</keyObject>
<referredKeyID>D19A8897-1958-84EB-8F50-CE942FFC1AD5</referredKeyID>
<mandatory>true</mandatory>
<refColNames>id_profesor,Tipo_Academia_id_tipo</refColNames>
<transferable>true</transferable>
<rely>false</rely>
<columnDependencyConstraintGenerateInDDL>true</columnDependencyConstraintGenerateInDDL>
</FKIndexAssociation>