<?xml version = '1.0' encoding = 'UTF-8'?>
<FKIndexAssociation class="oracle.dbtools.crest.model.design.relational.FKIndexAssociation" directorySegmentName="seg_0" id="E133B1CB-0188-834B-1B58-DCF92591CE18" containerWithKeyObject="9631AE3B-D31D-3C41-65B8-3F08C8F18B13" localFKIndex="454CEBE2-5CAB-C5D9-6221-22769B6C1066" name="Director_Academia_FK">
<createdBy>miguel</createdBy>
<createdTime>2024-10-07 02:00:02 UTC</createdTime>
<generatorID>02DF9297-79F3-B613-CF49-72A6FABCA4CC</generatorID>
<ownerDesignName>EFT_S9_Miguel_Bozo</ownerDesignName>
<referredTableLongName>Academia</referredTableLongName>
<deleteRule>NO ACTION</deleteRule>
<referredTableID>CBA85CDA-3DC2-3AD8-9386-B40BBBCE5204</referredTableID>
<keyObject>36073500-E1AD-DDC6-038C-5697A2B19C50</keyObject>
<referredKeyID>36073500-E1AD-DDC6-038C-5697A2B19C50</referredKeyID>
<mandatory>true</mandatory>
<refColNames>id_academia</refColNames>
<transferable>true</transferable>
<rely>false</rely>
<columnDependencyConstraintGenerateInDDL>true</columnDependencyConstraintGenerateInDDL>
</FKIndexAssociation>