<?xml version = '1.0' encoding = 'UTF-8'?>
<FKIndexAssociation class="oracle.dbtools.crest.model.design.relational.FKIndexAssociation" directorySegmentName="seg_0" id="F1FA286D-5583-FA71-73B3-BB844F5B8ED2" containerWithKeyObject="49E0949D-A8C8-FEA7-C37D-9F5AEB64613B" localFKIndex="4D2DF2DF-1D36-9D84-F912-CFDD6FE31373" name="Colegio_Municipalidad_FK">
<createdBy>miguel</createdBy>
<createdTime>2024-10-07 02:00:02 UTC</createdTime>
<generatorID>641D8738-B573-5A8A-E875-14AF2A22E19A</generatorID>
<ownerDesignName>EFT_S9_Miguel_Bozo</ownerDesignName>
<referredTableLongName>Municipalidad</referredTableLongName>
<deleteRule>NO ACTION</deleteRule>
<referredTableID>2E0BAB24-CB32-9496-7370-14C121C822A2</referredTableID>
<keyObject>62B597EF-B860-FD2A-B441-8F70562EB98D</keyObject>
<referredKeyID>62B597EF-B860-FD2A-B441-8F70562EB98D</referredKeyID>
<mandatory>true</mandatory>
<refColNames>id_municipalidad</refColNames>
<transferable>true</transferable>
<rely>false</rely>
<columnDependencyConstraintGenerateInDDL>true</columnDependencyConstraintGenerateInDDL>
</FKIndexAssociation>