<?xml version = '1.0' encoding = 'UTF-8'?>
<Relation class="oracle.dbtools.crest.model.design.logical.InheritanceRelation" name="Hierarchy_2" directorySegmentName="seg_0" id="02DF9297-79F3-B613-CF49-72A6FABCA4CC">
<createdBy>miguel</createdBy>
<createdTime>2024-10-07 01:57:27 UTC</createdTime>
<ownerDesignName>EFT_S9_Miguel_Bozo</ownerDesignName>
<engineerTo>
<item key="3FDECFF5-FAE0-BD3B-5C13-15D8544EA903" value="true"/>
</engineerTo>
<identifying>false</identifying>
<nameOnSource>Super Type</nameOnSource>
<nameOnTarget>Sub Type</nameOnTarget>
<optionalSource>true</optionalSource>
<optionalTarget>true</optionalTarget>
<sourceEntity>0C00D84C-09A3-03BB-66E0-07F5F357400C</sourceEntity>
<targetEntity>4F72450F-FFCB-7A1C-6D85-7C113F89A572</targetEntity>
<transferable>true</transferable>
<deleteRule>NO ACTION</deleteRule>
</Relation>