<?xml version = '1.0' encoding = 'UTF-8'?>
<Diagram class="oracle.dbtools.crest.swingui.logical.DPVLogical" name="Logical" id="7D40333E-0483-219C-C46E-0F6001D23CD4">
<createdBy>miguel</createdBy>
<modifiedBy>miguel</modifiedBy>
<createdTime>2024-10-07 01:07:44 UTC</createdTime>
<autoRoute>false</autoRoute>
<boxInbox>true</boxInbox>
<showLegend>false</showLegend>
<showLabels>false</showLabels>
<showRelAttributes>false</showRelAttributes>
<gridEnabled>false</gridEnabled>
<showGrid>false</showGrid>
<diagramColor>-1</diagramColor>
<display>false</display>
<notation>1</notation>
<objectViews>
<OView class="oracle.dbtools.crest.swingui.logical.TVEntity" oid="0C00D84C-09A3-03BB-66E0-07F5F357400C" otype="Entity" vid="41C4B900-61C5-A6ED-66E6-C2D47398A203">
<hideElementsInCurrentOnly>false</hideElementsInCurrentOnly>
<bounds x="553" y="283" width="170" height="213"/>
</OView>
<OView class="oracle.dbtools.crest.swingui.logical.TVEntity" oid="18204A34-BAF8-E6C3-2A74-3C8C862CAFA3" otype="Entity" vid="72DCAA8E-00BE-FA49-33ED-43A6EEE05691">
<hideElementsInCurrentOnly>false</hideElementsInCurrentOnly>
<bounds x="892" y="58" width="170" height="110"/>
</OView>
<OView class="oracle.dbtools.crest.swingui.logical.TVEntity" oid="1F8B30C9-5516-168A-8E01-A97467A83DF7" otype="Entity" vid="8B78E2B2-DE25-28F6-7D26-80BBA2E9466E">
<hideElementsInCurrentOnly>false</hideElementsInCurrentOnly>
<bounds x="565" y="56" width="170" height="110"/>
</OView>
<OView class="oracle.dbtools.crest.swingui.logical.TVEntity" oid="2330C714-A0DE-054C-DF32-177CB72337CC" otype="Entity" vid="49A1DC41-CAE7-FD0A-AB09-79E53041FD90">
<hideElementsInCurrentOnly>false</hideElementsInCurrentOnly>
<bounds x="1087" y="222" width="170" height="110"/>
</OView>
<OView class="oracle.dbtools.crest.swingui.logical.TVEntity" oid="317CF491-A06E-113C-361F-794610A44BDF" otype="Entity" vid="E2827FC7-D716-6E92-333B-DF52DDA26D26">
<hideElementsInCurrentOnly>false</hideElementsInCurrentOnly>
<bounds x="545" y="583" width="170" height="110"/>
</OView>
<OView class="oracle.dbtools.crest.swingui.logical.TVEntity" oid="325937DF-4D5D-1D86-6B7E-64746AC710E4" otype="Entity" vid="C30EA720-4394-498A-8FA2-3EFD5C0C774A">
<hideElementsInCurrentOnly>false</hideElementsInCurrentOnly>
<bounds x="798" y="332" width="170" height="110"/>
</OView>
<OView class="oracle.dbtools.crest.swingui.logical.TVEntity" oid="4F72450F-FFCB-7A1C-6D85-7C113F89A572" otype="Entity" vid="B5B8668C-8B91-0681-4B4F-E22C39746E00">
<hideElementsInCurrentOnly>false</hideElementsInCurrentOnly>
<bounds x="563" y="376" width="150" height="110"/>
</OView>
<OView class="oracle.dbtools.crest.swingui.logical.TVEntity" oid="661FEE98-8DCE-B8DD-570F-7C7483C5398C" otype="Entity" vid="9DE40FD1-7294-F88C-71CC-1411F39335CC">
<hideElementsInCurrentOnly>false</hideElementsInCurrentOnly>
<bounds x="554" y="806" width="170" height="110"/>
</OView>
<OView class="oracle.dbtools.crest.swingui.logical.TVEntity" oid="71F6B6B6-4A1E-8168-C46F-2339CA7A9D2F" otype="Entity" vid="401B4262-7F90-85A3-D6D3-F0B25D587569">
<hideElementsInCurrentOnly>false</hideElementsInCurrentOnly>
<bounds x="1095" y="350" width="170" height="110"/>
</OView>
<OView class="oracle.dbtools.crest.swingui.logical.TVEntity" oid="825B51C3-C616-1AF0-34F3-A1F254DF7BFB" otype="Entity" vid="481808DC-B781-20B3-5EA5-8D060A045196">
<hideElementsInCurrentOnly>false</hideElementsInCurrentOnly>
<bounds x="823" y="594" width="150" height="90"/>
</OView>
<OView class="oracle.dbtools.crest.swingui.logical.TVEntity" oid="834F894F-F646-8477-3E83-D9C192778D67" otype="Entity" vid="2F29CD10-450C-3567-CDA4-4AA949BFCB21">
<hideElementsInCurrentOnly>false</hideElementsInCurrentOnly>
<bounds x="1103" y="477" width="170" height="110"/>
</OView>
<OView class="oracle.dbtools.crest.swingui.logical.TVEntity" oid="C5D901E5-CE55-AE95-E7CA-F33D65682342" otype="Entity" vid="AD9086D5-6B36-C17E-7B67-F4194DCB56E9">
<hideElementsInCurrentOnly>false</hideElementsInCurrentOnly>
<bounds x="814" y="529" width="170" height="213"/>
</OView>
</objectViews>
<connectors>
<Connector class="oracle.dbtools.crest.swingui.logical.TVRelation" oid="00C14360-C2BE-888A-5DEB-62C43F5DB66C" otype="Relation" vid_source="C30EA720-4394-498A-8FA2-3EFD5C0C774A" vid_target="AD9086D5-6B36-C17E-7B67-F4194DCB56E9">
<hideElementsInCurrentOnly>false</hideElementsInCurrentOnly>
<backgroundColor>-16777216</backgroundColor>
<lineWidth>1</lineWidth>
<points>
<point x="891" y="442"/>
<point x="891" y="529"/>
</points>
</Connector>
<Connector class="oracle.dbtools.crest.swingui.logical.TVInheritanceRelation" oid="02DF9297-79F3-B613-CF49-72A6FABCA4CC" otype="Hierarchy relation" vid_source="41C4B900-61C5-A6ED-66E6-C2D47398A203" vid_target="B5B8668C-8B91-0681-4B4F-E22C39746E00">
<hideElementsInCurrentOnly>false</hideElementsInCurrentOnly>
<backgroundColor>-65536</backgroundColor>
<lineWidth>1</lineWidth>
</Connector>
<Connector class="oracle.dbtools.crest.swingui.logical.TVRelation" oid="3D6896B5-3EBD-E33C-B0F0-172910194AE5" otype="Relation" vid_source="C30EA720-4394-498A-8FA2-3EFD5C0C774A" vid_target="49A1DC41-CAE7-FD0A-AB09-79E53041FD90">
<hideElementsInCurrentOnly>false</hideElementsInCurrentOnly>
<backgroundColor>-16777216</backgroundColor>
<lineWidth>1</lineWidth>
<points>
<point x="968" y="332"/>
<point x="1087" y="332"/>
</points>
</Connector>
<Connector class="oracle.dbtools.crest.swingui.logical.TVRelation" oid="641D8738-B573-5A8A-E875-14AF2A22E19A" otype="Relation" vid_source="8B78E2B2-DE25-28F6-7D26-80BBA2E9466E" vid_target="72DCAA8E-00BE-FA49-33ED-43A6EEE05691">
<hideElementsInCurrentOnly>false</hideElementsInCurrentOnly>
<backgroundColor>-16777216</backgroundColor>
<lineWidth>1</lineWidth>
<points>
<point x="735" y="112"/>
<point x="892" y="112"/>
</points>
</Connector>
<Connector class="oracle.dbtools.crest.swingui.logical.TVRelation" oid="7400A1E8-10EA-2FA8-22D4-7E16D618B94F" otype="Relation" vid_source="41C4B900-61C5-A6ED-66E6-C2D47398A203" vid_target="C30EA720-4394-498A-8FA2-3EFD5C0C774A">
<hideElementsInCurrentOnly>false</hideElementsInCurrentOnly>
<backgroundColor>-16777216</backgroundColor>
<lineWidth>1</lineWidth>
<points>
<point x="723" y="387"/>
<point x="798" y="387"/>
</points>
</Connector>
<Connector class="oracle.dbtools.crest.swingui.logical.TVRelation" oid="8F25937B-CA0E-1848-2CEB-45F66DD54DDD" otype="Relation" vid_source="E2827FC7-D716-6E92-333B-DF52DDA26D26" vid_target="9DE40FD1-7294-F88C-71CC-1411F39335CC">
<hideElementsInCurrentOnly>false</hideElementsInCurrentOnly>
<backgroundColor>-16777216</backgroundColor>
<lineWidth>1</lineWidth>
<points>
<point x="634" y="693"/>
<point x="634" y="806"/>
</points>
</Connector>
<Connector class="oracle.dbtools.crest.swingui.logical.TVRelation" oid="963B8E64-5158-07E7-F307-66F6123C4D67" otype="Relation" vid_source="C30EA720-4394-498A-8FA2-3EFD5C0C774A" vid_target="401B4262-7F90-85A3-D6D3-F0B25D587569">
<hideElementsInCurrentOnly>false</hideElementsInCurrentOnly>
<backgroundColor>-16777216</backgroundColor>
<lineWidth>1</lineWidth>
<points>
<point x="968" y="396"/>
<point x="1095" y="396"/>
</points>
</Connector>
<Connector class="oracle.dbtools.crest.swingui.logical.TVRelation" oid="A2F30411-6C0B-34FC-87F9-F2604814E865" otype="Relation" vid_source="41C4B900-61C5-A6ED-66E6-C2D47398A203" vid_target="8B78E2B2-DE25-28F6-7D26-80BBA2E9466E">
<hideElementsInCurrentOnly>false</hideElementsInCurrentOnly>
<backgroundColor>-16777216</backgroundColor>
<lineWidth>1</lineWidth>
<points>
<point x="644" y="283"/>
<point x="644" y="166"/>
</points>
</Connector>
<Connector class="oracle.dbtools.crest.swingui.logical.TVRelation" oid="B7E66FE8-E834-A1AA-9444-DDF44EA995F9" otype="Relation" vid_source="41C4B900-61C5-A6ED-66E6-C2D47398A203" vid_target="E2827FC7-D716-6E92-333B-DF52DDA26D26">
<hideElementsInCurrentOnly>false</hideElementsInCurrentOnly>
<backgroundColor>-16777216</backgroundColor>
<lineWidth>1</lineWidth>
<points>
<point x="634" y="496"/>
<point x="634" y="583"/>
</points>
</Connector>
<Connector class="oracle.dbtools.crest.swingui.logical.TVRelation" oid="B8537AA1-2A95-F8D0-B224-513E9AF07928" otype="Relation" vid_source="C30EA720-4394-498A-8FA2-3EFD5C0C774A" vid_target="2F29CD10-450C-3567-CDA4-4AA949BFCB21">
<hideElementsInCurrentOnly>false</hideElementsInCurrentOnly>
<backgroundColor>-16777216</backgroundColor>
<lineWidth>1</lineWidth>
<points>
<point x="968" y="427"/>
<point x="1103" y="491"/>
</points>
</Connector>
<Connector class="oracle.dbtools.crest.swingui.logical.TVInheritanceRelation" oid="C3564021-F58A-F462-8D5C-EC0BCC30A65B" otype="Hierarchy relation" vid_source="AD9086D5-6B36-C17E-7B67-F4194DCB56E9" vid_target="481808DC-B781-20B3-5EA5-8D060A045196">
<hideElementsInCurrentOnly>false</hideElementsInCurrentOnly>
<backgroundColor>-65536</backgroundColor>
<lineWidth>1</lineWidth>
</Connector>
</connectors>
</Diagram>