<?xml version = '1.0' encoding = 'UTF-8'?>
<Relation class="oracle.dbtools.crest.model.design.logical.Relation" name="Relation_1" directorySegmentName="seg_0" id="27BEAD1A-918B-E86A-E581-7A2F0BA1F29F">
<createdBy>miguel</createdBy>
<createdTime>2024-08-25 21:17:37 UTC</createdTime>
<ownerDesignName>Exp1_S3_Miguel_Bozo</ownerDesignName>
<engineerTo>
<item key="72D0E945-BF39-7C09-8EAD-72241B2282FC" value="true"/>
</engineerTo>
<sourcePk>BB0B991B-AE9D-AE9A-42BF-D957D39BC54F</sourcePk>
<targetPk>E31DA960-36ED-6169-32B5-CCF97089EF1A</targetPk>
<identifying>true</identifying>
<nameOnSource>tiene</nameOnSource>
<nameOnTarget>pertenece</nameOnTarget>
<optionalSource>false</optionalSource>
<optionalTarget>false</optionalTarget>
<sourceCardinality>1</sourceCardinality>
<sourceEntity>4E8F7607-D027-CD2C-BD0A-D9E6DC4A093F</sourceEntity>
<targetCardinalityString>*</targetCardinalityString>
<targetEntity>ED9D203E-E6D7-238A-44E2-D9FA9475D9F7</targetEntity>
<transferable>true</transferable>
<deleteRule>NO ACTION</deleteRule>
</Relation>