<?xml version = '1.0' encoding = 'UTF-8'?>
<Relation class="oracle.dbtools.crest.model.design.logical.Relation" name="Relation_2" directorySegmentName="seg_0" id="92014BD4-E5D7-2D22-017B-B12EC4A5F57A">
<createdBy>miguel</createdBy>
<createdTime>2024-08-25 21:18:35 UTC</createdTime>
<ownerDesignName>Exp1_S3_Miguel_Bozo</ownerDesignName>
<engineerTo>
<item key="72D0E945-BF39-7C09-8EAD-72241B2282FC" value="true"/>
</engineerTo>
<sourcePk>E31DA960-36ED-6169-32B5-CCF97089EF1A</sourcePk>
<identifying>false</identifying>
<nameOnSource>tiene</nameOnSource>
<nameOnTarget>pertenece</nameOnTarget>
<optionalSource>false</optionalSource>
<optionalTarget>false</optionalTarget>
<sourceCardinality>1</sourceCardinality>
<sourceEntity>ED9D203E-E6D7-238A-44E2-D9FA9475D9F7</sourceEntity>
<targetCardinalityString>*</targetCardinalityString>
<targetEntity>B672890B-13A6-BA2D-9C04-B6D238C94CA0</targetEntity>
<transferable>true</transferable>
<deleteRule>NO ACTION</deleteRule>
</Relation>