<?xml version = '1.0' encoding = 'UTF-8'?>
<Relation class="oracle.dbtools.crest.model.design.logical.Relation" name="Relation_11" directorySegmentName="seg_0" id="18917F36-9A90-0D58-35E2-27C4C9D0033C">
<createdBy>nicolas</createdBy>
<createdTime>2024-08-31 22:08:33 UTC</createdTime>
<ownerDesignName>Exp2_S6_Miguel_Bozo</ownerDesignName>
<engineerTo>
<item key="881601A3-29A2-C5A9-AEA7-0880FF60A02F" value="true"/>
</engineerTo>
<sourcePk>0F89D2A5-7729-9044-5C2C-3538E9F3C8D2</sourcePk>
<targetPk>D9D838ED-0061-B7F6-BBCA-EEEB2F9425AC</targetPk>
<arc>C7629CFA-5397-C27D-1F09-352E07C32969</arc>
<identifying>false</identifying>
<optionalSource>false</optionalSource>
<optionalTarget>false</optionalTarget>
<sourceCardinality>1</sourceCardinality>
<sourceEntity>13DC7368-362C-FB1E-04F5-D1D914361C7A</sourceEntity>
<targetCardinalityString>1</targetCardinalityString>
<targetEntity>4B47982B-29EE-5B26-67A5-054FAF42D29A</targetEntity>
<transferable>true</transferable>
<deleteRule>NO ACTION</deleteRule>
</Relation>