<?xml version = '1.0' encoding = 'UTF-8'?>
<Relation class="oracle.dbtools.crest.model.design.logical.Relation" name="Relation_6" directorySegmentName="seg_0" id="2FE3C39E-19B8-94CF-5409-AFA1B95A4114">
<createdBy>nicolas</createdBy>
<createdTime>2024-08-31 21:23:11 UTC</createdTime>
<ownerDesignName>Exp2_S6_Miguel_Bozo</ownerDesignName>
<engineerTo>
<item key="881601A3-29A2-C5A9-AEA7-0880FF60A02F" value="true"/>
</engineerTo>
<sourcePk>B9884987-6941-25EF-D13F-6C2FDD6A3BA1</sourcePk>
<identifying>false</identifying>
<optionalSource>false</optionalSource>
<optionalTarget>false</optionalTarget>
<sourceCardinality>1</sourceCardinality>
<sourceEntity>6D84BA59-FC19-2C7D-C930-97CEF7DA0BA5</sourceEntity>
<targetCardinalityString>*</targetCardinalityString>
<targetEntity>4C2878E7-7298-4746-80A4-A76D0E41E2F2</targetEntity>
<transferable>true</transferable>
<deleteRule>NO ACTION</deleteRule>
</Relation>