<?xml version = '1.0' encoding = 'UTF-8'?>
<Relation class="oracle.dbtools.crest.model.design.logical.Relation" name="Relation_9" directorySegmentName="seg_0" id="478C9C45-634A-7BDA-6C2C-7AFF8F030E64">
<createdBy>nicolas</createdBy>
<createdTime>2024-08-31 21:59:01 UTC</createdTime>
<ownerDesignName>Exp2_S6_Miguel_Bozo</ownerDesignName>
<engineerTo>
<item key="881601A3-29A2-C5A9-AEA7-0880FF60A02F" value="true"/>
</engineerTo>
<sourcePk>D9D838ED-0061-B7F6-BBCA-EEEB2F9425AC</sourcePk>
<identifying>false</identifying>
<optionalSource>false</optionalSource>
<optionalTarget>false</optionalTarget>
<sourceCardinality>1</sourceCardinality>
<sourceEntity>4B47982B-29EE-5B26-67A5-054FAF42D29A</sourceEntity>
<targetCardinalityString>*</targetCardinalityString>
<targetEntity>EB09A0EA-B555-00D4-8A82-C24FE92275F0</targetEntity>
<transferable>true</transferable>
<deleteRule>NO ACTION</deleteRule>
</Relation>