<?xml version = '1.0' encoding = 'UTF-8'?>
<Relation class="oracle.dbtools.crest.model.design.logical.Relation" name="Relation_7" directorySegmentName="seg_0" id="BA812CC5-09B6-5B95-1A84-38A472FDD859">
<createdBy>nicolas</createdBy>
<createdTime>2024-08-31 21:23:28 UTC</createdTime>
<ownerDesignName>Exp2_S6_Miguel_Bozo</ownerDesignName>
<engineerTo>
<item key="881601A3-29A2-C5A9-AEA7-0880FF60A02F" value="true"/>
</engineerTo>
<targetPk>C1CB58DE-1015-D515-C46D-ED35E9387413</targetPk>
<identifying>false</identifying>
<optionalSource>false</optionalSource>
<optionalTarget>false</optionalTarget>
<sourceCardinality>*</sourceCardinality>
<sourceEntity>4C2878E7-7298-4746-80A4-A76D0E41E2F2</sourceEntity>
<targetCardinalityString>1</targetCardinalityString>
<targetEntity>FCF45DAD-40E9-D9E6-AF6B-F7BB8E9F7EE5</targetEntity>
<transferable>true</transferable>
<deleteRule>NO ACTION</deleteRule>
</Relation>