<?xml version = '1.0' encoding = 'UTF-8'?>
<Relation class="oracle.dbtools.crest.model.design.logical.Relation" name="cliente_contacto" directorySegmentName="seg_0" id="CE9208D3-BA22-551F-D731-C941D619C63F">
<createdBy>miguel</createdBy>
<createdTime>2024-09-17 02:42:15 UTC</createdTime>
<ownerDesignName>Exp2_S6_Miguel_Bozo</ownerDesignName>
<engineerTo>
<item key="881601A3-29A2-C5A9-AEA7-0880FF60A02F" value="true"/>
</engineerTo>
<targetTransferable>false</targetTransferable>
<sourcePk>B9884987-6941-25EF-D13F-6C2FDD6A3BA1</sourcePk>
<identifying>true</identifying>
<nameOnSource>tiene</nameOnSource>
<nameOnTarget>pertenece</nameOnTarget>
<optionalSource>false</optionalSource>
<optionalTarget>false</optionalTarget>
<sourceCardinality>1</sourceCardinality>
<sourceEntity>6D84BA59-FC19-2C7D-C930-97CEF7DA0BA5</sourceEntity>
<targetCardinalityString>*</targetCardinalityString>
<targetEntity>DA390695-A2E9-5430-77CC-1448AF027635</targetEntity>
<transferable>true</transferable>
<deleteRule>NO ACTION</deleteRule>
</Relation>