<?xml version = '1.0' encoding = 'UTF-8'?>
<Relation class="oracle.dbtools.crest.model.design.logical.Relation" name="Relation_10" directorySegmentName="seg_0" id="E75F5062-DACA-2AF9-82F9-2D7D3CF3F299">
<createdBy>nicolas</createdBy>
<createdTime>2024-08-31 22:00:19 UTC</createdTime>
<ownerDesignName>Exp2_S6_Miguel_Bozo</ownerDesignName>
<engineerTo>
<item key="881601A3-29A2-C5A9-AEA7-0880FF60A02F" value="true"/>
</engineerTo>
<sourcePk>D9D838ED-0061-B7F6-BBCA-EEEB2F9425AC</sourcePk>
<targetPk>24E0FB13-9511-89D4-C3BE-198CF179E5A6</targetPk>
<arc>C7629CFA-5397-C27D-1F09-352E07C32969</arc>
<identifying>false</identifying>
<optionalSource>false</optionalSource>
<optionalTarget>false</optionalTarget>
<sourceCardinality>1</sourceCardinality>
<sourceEntity>4B47982B-29EE-5B26-67A5-054FAF42D29A</sourceEntity>
<targetCardinalityString>1</targetCardinalityString>
<targetEntity>F7A719B0-066A-CABD-0E67-117A41B94215</targetEntity>
<transferable>true</transferable>
<deleteRule>NO ACTION</deleteRule>
</Relation>