<?xml version = '1.0' encoding = 'UTF-8'?>
<Diagram class="oracle.dbtools.crest.swingui.logical.DPVLogical" name="Logical" id="E79220D1-D46D-0211-C069-1D5CE87089D7">
<createdBy>nicolas</createdBy>
<modifiedBy>nicolas</modifiedBy>
<createdTime>2024-08-31 01:27:49 UTC</createdTime>
<autoRoute>false</autoRoute>
<boxInbox>true</boxInbox>
<showLegend>false</showLegend>
<showLabels>true</showLabels>
<showRelAttributes>false</showRelAttributes>
<gridEnabled>true</gridEnabled>
<showGrid>true</showGrid>
<diagramColor>-1</diagramColor>
<display>false</display>
<notation>1</notation>
<objectViews>
<OView class="oracle.dbtools.crest.swingui.logical.TVEntity" oid="13DC7368-362C-FB1E-04F5-D1D914361C7A" otype="Entity" vid="53FEE3EF-5B0A-F06B-ACC5-93E86A68028C">
<hideElementsInCurrentOnly>false</hideElementsInCurrentOnly>
<bounds x="490" y="740" width="251" height="110"/>
</OView>
<OView class="oracle.dbtools.crest.swingui.logical.TVEntity" oid="4B47982B-29EE-5B26-67A5-054FAF42D29A" otype="Entity" vid="EF9CD59E-30F1-03F6-116E-B89C8AFFF0DB">
<hideElementsInCurrentOnly>false</hideElementsInCurrentOnly>
<bounds x="890" y="740" width="251" height="131"/>
</OView>
<OView class="oracle.dbtools.crest.swingui.logical.TVEntity" oid="4C2878E7-7298-4746-80A4-A76D0E41E2F2" otype="Entity" vid="8018791B-6843-F0C7-8021-1ACA61CDD558">
<hideElementsInCurrentOnly>false</hideElementsInCurrentOnly>
<bounds x="890" y="510" width="251" height="131"/>
</OView>
<OView class="oracle.dbtools.crest.swingui.logical.TVEntity" oid="6D84BA59-FC19-2C7D-C930-97CEF7DA0BA5" otype="Entity" vid="C313AD61-E6DA-59C3-09D9-3CB025E1DEBF">
<hideElementsInCurrentOnly>false</hideElementsInCurrentOnly>
<bounds x="1100" y="280" width="251" height="169"/>
</OView>
<OView class="oracle.dbtools.crest.swingui.logical.TVEntity" oid="DA390695-A2E9-5430-77CC-1448AF027635" otype="Entity" vid="48E611CA-397A-317A-3A30-17FDC63062C2">
<hideElementsInCurrentOnly>false</hideElementsInCurrentOnly>
<bounds x="760" y="310" width="171" height="110"/>
</OView>
<OView class="oracle.dbtools.crest.swingui.logical.TVEntity" oid="E2EA175C-6476-4CA7-D764-77DC4A32E249" otype="Entity" vid="E06B8F30-DDA3-C911-D628-8F8F45128791">
<hideElementsInCurrentOnly>false</hideElementsInCurrentOnly>
<bounds x="961" y="990" width="170" height="81"/>
</OView>
<OView class="oracle.dbtools.crest.swingui.logical.TVEntity" oid="EB09A0EA-B555-00D4-8A82-C24FE92275F0" otype="Entity" vid="804F68ED-28DC-E6CF-5536-AE35430F1335">
<hideElementsInCurrentOnly>false</hideElementsInCurrentOnly>
<bounds x="1280" y="740" width="251" height="110"/>
</OView>
<OView class="oracle.dbtools.crest.swingui.logical.TVEntity" oid="EE4BC98E-70F3-CC98-6777-54209D7CB465" otype="Entity" vid="1792E324-0081-37B5-D924-BBCF9B4039E0">
<hideElementsInCurrentOnly>false</hideElementsInCurrentOnly>
<bounds x="1210" y="358" width="131" height="81"/>
</OView>
<OView class="oracle.dbtools.crest.swingui.logical.TVEntity" oid="F7A719B0-066A-CABD-0E67-117A41B94215" otype="Entity" vid="79E96539-1B6E-45A6-1940-B133F4D961FA">
<hideElementsInCurrentOnly>false</hideElementsInCurrentOnly>
<bounds x="890" y="960" width="251" height="151"/>
</OView>
<OView class="oracle.dbtools.crest.swingui.logical.TVEntity" oid="FCF45DAD-40E9-D9E6-AF6B-F7BB8E9F7EE5" otype="Entity" vid="B7E95129-F887-9B05-5D3E-1D35E09207EF">
<hideElementsInCurrentOnly>false</hideElementsInCurrentOnly>
<bounds x="1280" y="510" width="251" height="131"/>
</OView>
</objectViews>
<connectors>
<Connector class="oracle.dbtools.crest.swingui.logical.TVRelation" oid="18917F36-9A90-0D58-35E2-27C4C9D0033C" otype="Relation" vid_source="53FEE3EF-5B0A-F06B-ACC5-93E86A68028C" vid_target="EF9CD59E-30F1-03F6-116E-B89C8AFFF0DB">
<hideElementsInCurrentOnly>false</hideElementsInCurrentOnly>
<backgroundColor>-16777216</backgroundColor>
<lineWidth>1</lineWidth>
<points>
<point x="741" y="795"/>
<point x="890" y="795"/>
</points>
</Connector>
<Connector class="oracle.dbtools.crest.swingui.logical.TVRelation" oid="2FE3C39E-19B8-94CF-5409-AFA1B95A4114" otype="Relation" vid_source="C313AD61-E6DA-59C3-09D9-3CB025E1DEBF" vid_target="8018791B-6843-F0C7-8021-1ACA61CDD558">
<hideElementsInCurrentOnly>false</hideElementsInCurrentOnly>
<backgroundColor>-16777216</backgroundColor>
<lineWidth>1</lineWidth>
<points>
<point x="1120" y="449"/>
<point x="1120" y="510"/>
</points>
</Connector>
<Connector class="oracle.dbtools.crest.swingui.logical.TVRelation" oid="478C9C45-634A-7BDA-6C2C-7AFF8F030E64" otype="Relation" vid_source="EF9CD59E-30F1-03F6-116E-B89C8AFFF0DB" vid_target="804F68ED-28DC-E6CF-5536-AE35430F1335">
<hideElementsInCurrentOnly>false</hideElementsInCurrentOnly>
<backgroundColor>-16777216</backgroundColor>
<lineWidth>1</lineWidth>
<points>
<point x="1141" y="795"/>
<point x="1280" y="795"/>
</points>
</Connector>
<Connector class="oracle.dbtools.crest.swingui.logical.TVRelation" oid="55E7F243-6A97-5634-DD83-F096BE7E7632" otype="Relation" vid_source="8018791B-6843-F0C7-8021-1ACA61CDD558" vid_target="EF9CD59E-30F1-03F6-116E-B89C8AFFF0DB">
<hideElementsInCurrentOnly>false</hideElementsInCurrentOnly>
<backgroundColor>-16777216</backgroundColor>
<lineWidth>1</lineWidth>
<points>
<point x="1015" y="641"/>
<point x="1015" y="740"/>
</points>
</Connector>
<Connector class="oracle.dbtools.crest.swingui.logical.TVRelation" oid="BA812CC5-09B6-5B95-1A84-38A472FDD859" otype="Relation" vid_source="8018791B-6843-F0C7-8021-1ACA61CDD558" vid_target="B7E95129-F887-9B05-5D3E-1D35E09207EF">
<hideElementsInCurrentOnly>false</hideElementsInCurrentOnly>
<backgroundColor>-16777216</backgroundColor>
<lineWidth>1</lineWidth>
<points>
<point x="1141" y="575"/>
<point x="1280" y="575"/>
</points>
</Connector>
<Connector class="oracle.dbtools.crest.swingui.logical.TVInheritanceRelation" oid="C8F356C4-5F1C-C638-2A84-335E42A561E4" otype="Hierarchy relation" vid_source="C313AD61-E6DA-59C3-09D9-3CB025E1DEBF" vid_target="1792E324-0081-37B5-D924-BBCF9B4039E0">
<hideElementsInCurrentOnly>false</hideElementsInCurrentOnly>
<backgroundColor>-65536</backgroundColor>
<lineWidth>1</lineWidth>
</Connector>
<Connector class="oracle.dbtools.crest.swingui.logical.TVRelation" oid="CE9208D3-BA22-551F-D731-C941D619C63F" otype="Relation" vid_source="C313AD61-E6DA-59C3-09D9-3CB025E1DEBF" vid_target="48E611CA-397A-317A-3A30-17FDC63062C2">
<hideElementsInCurrentOnly>false</hideElementsInCurrentOnly>
<backgroundColor>-16777216</backgroundColor>
<lineWidth>1</lineWidth>
<sourceLabel class="oracle.dbtools.crest.model.design.Label">
<site>0</site>
<labelBounds x="1056" y="315" width="38" height="50"/>
<noBackgroundColor>true</noBackgroundColor>
<noForegroundColor>true</noForegroundColor>
</sourceLabel>
<targetLabel class="oracle.dbtools.crest.model.design.Label">
<site>2</site>
<labelBounds x="941" y="368" width="64" height="30"/>
<noBackgroundColor>true</noBackgroundColor>
<noForegroundColor>true</noForegroundColor>
</targetLabel>
<points>
<point x="1100" y="365"/>
<point x="931" y="365"/>
</points>
</Connector>
<Connector class="oracle.dbtools.crest.swingui.logical.TVInheritanceRelation" oid="E61CD5D4-3EAE-6C89-C4B9-59DE593A2FAE" otype="Hierarchy relation" vid_source="79E96539-1B6E-45A6-1940-B133F4D961FA" vid_target="E06B8F30-DDA3-C911-D628-8F8F45128791">
<hideElementsInCurrentOnly>false</hideElementsInCurrentOnly>
<backgroundColor>-65536</backgroundColor>
<lineWidth>1</lineWidth>
</Connector>
<Connector class="oracle.dbtools.crest.swingui.logical.TVRelation" oid="E75F5062-DACA-2AF9-82F9-2D7D3CF3F299" otype="Relation" vid_source="EF9CD59E-30F1-03F6-116E-B89C8AFFF0DB" vid_target="79E96539-1B6E-45A6-1940-B133F4D961FA">
<hideElementsInCurrentOnly>false</hideElementsInCurrentOnly>
<backgroundColor>-16777216</backgroundColor>
<lineWidth>1</lineWidth>
<points>
<point x="1015" y="871"/>
<point x="1015" y="960"/>
</points>
</Connector>
</connectors>
<arcs>
<Arc class="oracle.dbtools.crest.swingui.logical.TVArc" oid="C7629CFA-5397-C27D-1F09-352E07C32969" otype="Arc" vid="CDDB4BDA-38C1-AE0F-A500-BDB56B491A34">
<hideElementsInCurrentOnly>false</hideElementsInCurrentOnly>
<bounds x="870" y="720" width="291" height="171"/>
</Arc>
</arcs>
</Diagram>