<?xml version = '1.0' encoding = 'UTF-8'?>
<FKIndexAssociation class="oracle.dbtools.crest.model.design.relational.FKIndexAssociation" directorySegmentName="seg_0" id="078863CA-C07B-24A0-47CE-D4BBB80951BA" containerWithKeyObject="2C2C85F3-E164-985C-9C24-F65A960938CF" localFKIndex="A7CA63EF-6170-6E49-A70F-FA497ADEBC84" name="ORDEN_SERVICIO_CLIENTE_FK">
<createdBy>miguel</createdBy>
<createdTime>2024-09-08 20:05:56 UTC</createdTime>
<generatorID>2FE3C39E-19B8-94CF-5409-AFA1B95A4114</generatorID>
<ownerDesignName>Exp2_S6_Miguel_Bozo</ownerDesignName>
<referredTableLongName>CLIENTE</referredTableLongName>
<deleteRule>NO ACTION</deleteRule>
<referredTableID>FBAEE6B9-AF15-3F74-200D-3186182076F0</referredTableID>
<keyObject>907FDC8C-6100-FB64-1AB0-BF02301AAD3F</keyObject>
<referredKeyID>907FDC8C-6100-FB64-1AB0-BF02301AAD3F</referredKeyID>
<mandatory>true</mandatory>
<refColNames>CLIENTE_ID</refColNames>
<transferable>true</transferable>
<rely>false</rely>
<columnDependencyConstraintGenerateInDDL>true</columnDependencyConstraintGenerateInDDL>
</FKIndexAssociation>