<?xml version = '1.0' encoding = 'UTF-8'?>
<FKIndexAssociation class="oracle.dbtools.crest.model.design.relational.FKIndexAssociation" directorySegmentName="seg_0" id="21EA523D-E697-84E0-CC91-7933AB896612" containerWithKeyObject="64DD2E00-BC55-E67A-4E2B-B6A9A0418D24" localFKIndex="06B50892-7EED-395D-57AA-6646C440355E" name="SERVICIO_ORDEN_SERVICIO_FK">
<createdBy>miguel</createdBy>
<createdTime>2024-09-08 20:05:56 UTC</createdTime>
<generatorID>55E7F243-6A97-5634-DD83-F096BE7E7632</generatorID>
<ownerDesignName>Exp2_S6_Miguel_Bozo</ownerDesignName>
<referredTableLongName>ORDEN_SERVICIO</referredTableLongName>
<deleteRule>NO ACTION</deleteRule>
<referredTableID>2C2C85F3-E164-985C-9C24-F65A960938CF</referredTableID>
<keyObject>62124D80-DA03-2E46-8AD8-38CA6DCDAAAA</keyObject>
<referredKeyID>62124D80-DA03-2E46-8AD8-38CA6DCDAAAA</referredKeyID>
<mandatory>true</mandatory>
<refColNames>codigo_orden</refColNames>
<transferable>true</transferable>
<rely>false</rely>
<columnDependencyConstraintGenerateInDDL>true</columnDependencyConstraintGenerateInDDL>
</FKIndexAssociation>