<?xml version = '1.0' encoding = 'UTF-8'?>
<FKIndexAssociation class="oracle.dbtools.crest.model.design.relational.FKIndexAssociation" directorySegmentName="seg_0" id="25DEFDE7-9EE1-08AF-8D78-A3454FE60B75" containerWithKeyObject="248A1794-C32C-A7A3-BE80-F78023B4DAE2" localFKIndex="4569C551-89EF-9134-B968-A5FA945498B0" name="SEGUIMIENTO_SERVICIO_FK">
<createdBy>miguel</createdBy>
<createdTime>2024-09-08 20:05:56 UTC</createdTime>
<generatorID>E75F5062-DACA-2AF9-82F9-2D7D3CF3F299</generatorID>
<ownerDesignName>Exp2_S6_Miguel_Bozo</ownerDesignName>
<referredTableLongName>SERVICIO</referredTableLongName>
<deleteRule>NO ACTION</deleteRule>
<referredTableID>64DD2E00-BC55-E67A-4E2B-B6A9A0418D24</referredTableID>
<keyObject>D892321D-CF5B-EC8D-E12E-63CCF251F38B</keyObject>
<referredKeyID>D892321D-CF5B-EC8D-E12E-63CCF251F38B</referredKeyID>
<mandatory>true</mandatory>
<refColNames>codigo_servicio</refColNames>
<transferable>true</transferable>
<rely>false</rely>
<columnDependencyConstraintGenerateInDDL>true</columnDependencyConstraintGenerateInDDL>
</FKIndexAssociation>