<?xml version = '1.0' encoding = 'UTF-8'?>
<FKIndexAssociation class="oracle.dbtools.crest.model.design.relational.FKIndexAssociation" directorySegmentName="seg_0" id="2A5BD2FE-F4E1-F420-FD87-39EC831BA9CC" containerWithKeyObject="64DD2E00-BC55-E67A-4E2B-B6A9A0418D24" localFKIndex="E4FC83BE-FB64-D895-8535-723DA0DFBD60" name="SERVICIO_VALIDACION_SERVICIO_FK">
<createdBy>miguel</createdBy>
<createdTime>2024-09-08 20:05:56 UTC</createdTime>
<generatorID>18917F36-9A90-0D58-35E2-27C4C9D0033C</generatorID>
<ownerDesignName>Exp2_S6_Miguel_Bozo</ownerDesignName>
<referredTableLongName>VALIDACION_SERVICIO</referredTableLongName>
<deleteRule>NO ACTION</deleteRule>
<referredTableID>F9EC3FE2-D1F7-7DF7-BE8B-C9788D3CCA38</referredTableID>
<keyObject>7DF9561B-80F3-0FB2-704F-BB73F3327BEF</keyObject>
<referredKeyID>7DF9561B-80F3-0FB2-704F-BB73F3327BEF</referredKeyID>
<mandatory>true</mandatory>
<refColNames>codigo_validacion</refColNames>
<transferable>true</transferable>
<rely>false</rely>
<columnDependencyConstraintGenerateInDDL>true</columnDependencyConstraintGenerateInDDL>
</FKIndexAssociation>