<?xml version = '1.0' encoding = 'UTF-8'?>
<FKIndexAssociation class="oracle.dbtools.crest.model.design.relational.FKIndexAssociation" directorySegmentName="seg_0" id="5A296D46-BFAB-B8D4-A535-A23C95B274DA" containerWithKeyObject="2C2C85F3-E164-985C-9C24-F65A960938CF" localFKIndex="7AE21766-6121-92FB-5FFF-B6B40B6CAD01" name="ORDEN_SERVICIO_VEHICULO_FK">
<createdBy>miguel</createdBy>
<createdTime>2024-09-08 20:05:56 UTC</createdTime>
<generatorID>BA812CC5-09B6-5B95-1A84-38A472FDD859</generatorID>
<ownerDesignName>Exp2_S6_Miguel_Bozo</ownerDesignName>
<referredTableLongName>VEHICULO</referredTableLongName>
<deleteRule>NO ACTION</deleteRule>
<referredTableID>93376CF3-C63A-043C-2D89-7697F8C35D22</referredTableID>
<keyObject>6E2966FD-5553-6F57-08E7-0E5B46443085</keyObject>
<referredKeyID>6E2966FD-5553-6F57-08E7-0E5B46443085</referredKeyID>
<mandatory>true</mandatory>
<refColNames>patente</refColNames>
<transferable>true</transferable>
<rely>false</rely>
<columnDependencyConstraintGenerateInDDL>true</columnDependencyConstraintGenerateInDDL>
</FKIndexAssociation>