<?xml version = '1.0' encoding = 'UTF-8'?>
<FKIndexAssociation class="oracle.dbtools.crest.model.design.relational.FKIndexAssociation" directorySegmentName="seg_0" id="5F37940C-4866-E4CC-B7DE-FA918CCB9FA9" containerWithKeyObject="AA2468BA-BF6C-19E7-45ED-4F7F03796196" localFKIndex="591A3B42-6E9E-5A53-7B4B-FC5FF91D0B5C" name="ESTADO_SEGUIMIENTO_FK">
<createdBy>miguel</createdBy>
<createdTime>2024-09-08 20:05:56 UTC</createdTime>
<generatorID>175A61BC-B283-1CF4-EFFE-09181453AD9B</generatorID>
<ownerDesignName>Exp2_S6_Miguel_Bozo</ownerDesignName>
<referredTableLongName>SEGUIMIENTO</referredTableLongName>
<deleteRule>NO ACTION</deleteRule>
<referredTableID>248A1794-C32C-A7A3-BE80-F78023B4DAE2</referredTableID>
<keyObject>E2C1754C-9CDC-4A65-0421-774E77CDDFE6</keyObject>
<referredKeyID>E2C1754C-9CDC-4A65-0421-774E77CDDFE6</referredKeyID>
<mandatory>true</mandatory>
<refColNames>codigo_seguimiento</refColNames>
<transferable>true</transferable>
<rely>false</rely>
<columnDependencyConstraintGenerateInDDL>true</columnDependencyConstraintGenerateInDDL>
</FKIndexAssociation>