<?xml version = '1.0' encoding = 'UTF-8'?>
<FKIndexAssociation class="oracle.dbtools.crest.model.design.relational.FKIndexAssociation" directorySegmentName="seg_0" id="7DA7C2C8-ABF5-B4F0-FCB9-2E2BF82CEA51" containerWithKeyObject="64DD2E00-BC55-E67A-4E2B-B6A9A0418D24" localFKIndex="A600AECD-09B0-9B27-1D0E-80F4DCCE94E6" name="SERVICIO_SEGUIMIENTO_FK">
<createdBy>miguel</createdBy>
<createdTime>2024-09-08 20:05:56 UTC</createdTime>
<generatorID>E75F5062-DACA-2AF9-82F9-2D7D3CF3F299</generatorID>
<ownerDesignName>Exp2_S6_Miguel_Bozo</ownerDesignName>
<referredTableLongName>SEGUIMIENTO</referredTableLongName>
<deleteRule>NO ACTION</deleteRule>
<referredTableID>248A1794-C32C-A7A3-BE80-F78023B4DAE2</referredTableID>
<keyObject>E2C1754C-9CDC-4A65-0421-774E77CDDFE6</keyObject>
<referredKeyID>E2C1754C-9CDC-4A65-0421-774E77CDDFE6</referredKeyID>
<mandatory>true</mandatory>
<refColNames>codigo_seguimiento</refColNames>
<transferable>true</transferable>
<rely>false</rely>
<columnDependencyConstraintGenerateInDDL>true</columnDependencyConstraintGenerateInDDL>
</FKIndexAssociation>