<?xml version = '1.0' encoding = 'UTF-8'?>
<FKIndexAssociation class="oracle.dbtools.crest.model.design.relational.FKIndexAssociation" directorySegmentName="seg_0" id="CFDFB3F5-D29E-0B97-7295-7103824B3A12" containerWithKeyObject="F9EC3FE2-D1F7-7DF7-BE8B-C9788D3CCA38" localFKIndex="DF0650CC-9277-A97A-792E-40F7B334F195" name="VALIDACION_SERVICIO_SERVICIO_FK">
<createdBy>miguel</createdBy>
<createdTime>2024-09-08 20:05:56 UTC</createdTime>
<generatorID>18917F36-9A90-0D58-35E2-27C4C9D0033C</generatorID>
<ownerDesignName>Exp2_S6_Miguel_Bozo</ownerDesignName>
<referredTableLongName>SERVICIO</referredTableLongName>
<deleteRule>NO ACTION</deleteRule>
<referredTableID>64DD2E00-BC55-E67A-4E2B-B6A9A0418D24</referredTableID>
<keyObject>D892321D-CF5B-EC8D-E12E-63CCF251F38B</keyObject>
<referredKeyID>D892321D-CF5B-EC8D-E12E-63CCF251F38B</referredKeyID>
<mandatory>true</mandatory>
<refColNames>codigo_servicio</refColNames>
<transferable>true</transferable>
<rely>false</rely>
<columnDependencyConstraintGenerateInDDL>true</columnDependencyConstraintGenerateInDDL>
</FKIndexAssociation>