<?xml version = '1.0' encoding = 'UTF-8'?>
<FKIndexAssociation class="oracle.dbtools.crest.model.design.relational.FKIndexAssociation" directorySegmentName="seg_0" id="F9CE72AD-35E5-3A41-3D48-4FB1308E5598" containerWithKeyObject="2C2C85F3-E164-985C-9C24-F65A960938CF" localFKIndex="B2BF36AD-24AD-723B-199E-9C5215A58DCA" name="ORDEN_SERVICIO_SERVICIO_FK">
<createdBy>miguel</createdBy>
<createdTime>2024-09-08 20:05:56 UTC</createdTime>
<generatorID>55E7F243-6A97-5634-DD83-F096BE7E7632</generatorID>
<ownerDesignName>Exp2_S6_Miguel_Bozo</ownerDesignName>
<referredTableLongName>SERVICIO</referredTableLongName>
<deleteRule>NO ACTION</deleteRule>
<referredTableID>64DD2E00-BC55-E67A-4E2B-B6A9A0418D24</referredTableID>
<keyObject>D892321D-CF5B-EC8D-E12E-63CCF251F38B</keyObject>
<referredKeyID>D892321D-CF5B-EC8D-E12E-63CCF251F38B</referredKeyID>
<mandatory>true</mandatory>
<refColNames>codigo_servicio</refColNames>
<transferable>true</transferable>
<rely>false</rely>
<columnDependencyConstraintGenerateInDDL>true</columnDependencyConstraintGenerateInDDL>
</FKIndexAssociation>