<?xml version = '1.0' encoding = 'UTF-8'?>
<FKIndexAssociation class="oracle.dbtools.crest.model.design.relational.FKIndexAssociation" directorySegmentName="seg_0" id="FEAB6785-64DD-5A36-80E9-40AAD7F13B6B" containerWithKeyObject="4EC891AC-F13C-0826-2EA7-A08A23F49B5D" localFKIndex="FAD4A5B2-3100-797B-18BF-D243C35DB742" name="REPUESTO_SERVICIO_FK">
<createdBy>miguel</createdBy>
<createdTime>2024-09-08 20:05:56 UTC</createdTime>
<generatorID>478C9C45-634A-7BDA-6C2C-7AFF8F030E64</generatorID>
<ownerDesignName>Exp2_S6_Miguel_Bozo</ownerDesignName>
<referredTableLongName>SERVICIO</referredTableLongName>
<deleteRule>NO ACTION</deleteRule>
<referredTableID>64DD2E00-BC55-E67A-4E2B-B6A9A0418D24</referredTableID>
<keyObject>D892321D-CF5B-EC8D-E12E-63CCF251F38B</keyObject>
<referredKeyID>D892321D-CF5B-EC8D-E12E-63CCF251F38B</referredKeyID>
<mandatory>true</mandatory>
<refColNames>codigo_servicio</refColNames>
<transferable>true</transferable>
<rely>false</rely>
<columnDependencyConstraintGenerateInDDL>true</columnDependencyConstraintGenerateInDDL>
</FKIndexAssociation>