<?xml version = '1.0' encoding = 'UTF-8'?>
<Diagram class="oracle.dbtools.crest.swingui.logical.DPVLogical" name="Logical" id="07AB7FE3-ED62-349A-859F-7C45BB55D51F">
<createdBy>miguel</createdBy>
<modifiedBy>miguel</modifiedBy>
<createdTime>2024-08-25 21:07:55 UTC</createdTime>
<autoRoute>false</autoRoute>
<boxInbox>true</boxInbox>
<showLegend>false</showLegend>
<showLabels>true</showLabels>
<showRelAttributes>false</showRelAttributes>
<gridEnabled>false</gridEnabled>
<showGrid>false</showGrid>
<diagramColor>-1</diagramColor>
<display>false</display>
<notation>1</notation>
<objectViews>
<OView class="oracle.dbtools.crest.swingui.logical.TVEntity" oid="4E8F7607-D027-CD2C-BD0A-D9E6DC4A093F" otype="Entity" vid="DE71CD20-3541-F84B-F79F-6DC99F27CC36">
<hideElementsInCurrentOnly>false</hideElementsInCurrentOnly>
<bounds x="41" y="99" width="170" height="110"/>
</OView>
<OView class="oracle.dbtools.crest.swingui.logical.TVEntity" oid="B672890B-13A6-BA2D-9C04-B6D238C94CA0" otype="Entity" vid="5A58E52C-11C0-5EBF-75F0-D091419E5F63">
<hideElementsInCurrentOnly>false</hideElementsInCurrentOnly>
<bounds x="721" y="96" width="170" height="110"/>
</OView>
<OView class="oracle.dbtools.crest.swingui.logical.TVEntity" oid="ED9D203E-E6D7-238A-44E2-D9FA9475D9F7" otype="Entity" vid="B883F7D6-C16B-64C0-0460-06643399CC9C">
<hideElementsInCurrentOnly>false</hideElementsInCurrentOnly>
<bounds x="393" y="95" width="169" height="165"/>
</OView>
</objectViews>
<connectors>
<Connector class="oracle.dbtools.crest.swingui.logical.TVRelation" oid="27BEAD1A-918B-E86A-E581-7A2F0BA1F29F" otype="Relation" vid_source="DE71CD20-3541-F84B-F79F-6DC99F27CC36" vid_target="B883F7D6-C16B-64C0-0460-06643399CC9C">
<hideElementsInCurrentOnly>false</hideElementsInCurrentOnly>
<backgroundColor>-16777216</backgroundColor>
<lineWidth>1</lineWidth>
<sourceLabel class="oracle.dbtools.crest.model.design.Label">
<site>0</site>
<labelBounds x="221" y="122" width="40" height="30"/>
<noBackgroundColor>true</noBackgroundColor>
<noForegroundColor>true</noForegroundColor>
</sourceLabel>
<targetLabel class="oracle.dbtools.crest.model.design.Label">
<site>2</site>
<labelBounds x="323" y="155" width="64" height="30"/>
<noBackgroundColor>true</noBackgroundColor>
<noForegroundColor>true</noForegroundColor>
</targetLabel>
<points>
<point x="211" y="152"/>
<point x="241" y="152"/>
<point x="393" y="152"/>
</points>
</Connector>
<Connector class="oracle.dbtools.crest.swingui.logical.TVRelation" oid="92014BD4-E5D7-2D22-017B-B12EC4A5F57A" otype="Relation" vid_source="B883F7D6-C16B-64C0-0460-06643399CC9C" vid_target="5A58E52C-11C0-5EBF-75F0-D091419E5F63">
<hideElementsInCurrentOnly>false</hideElementsInCurrentOnly>
<backgroundColor>-16777216</backgroundColor>
<lineWidth>1</lineWidth>
<sourceLabel class="oracle.dbtools.crest.model.design.Label">
<site>0</site>
<labelBounds x="572" y="121" width="40" height="30"/>
<noBackgroundColor>true</noBackgroundColor>
<noForegroundColor>true</noForegroundColor>
</sourceLabel>
<targetLabel class="oracle.dbtools.crest.model.design.Label">
<site>2</site>
<labelBounds x="651" y="154" width="64" height="30"/>
<noBackgroundColor>true</noBackgroundColor>
<noForegroundColor>true</noForegroundColor>
</targetLabel>
<points>
<point x="562" y="151"/>
<point x="721" y="151"/>
</points>
</Connector>
</connectors>
</Diagram>