<?xml version = '1.0' encoding = 'UTF-8'?>
<Relation class="oracle.dbtools.crest.model.design.logical.Relation" name="tipo_canto" directorySegmentName="seg_0" id="3D6896B5-3EBD-E33C-B0F0-172910194AE5">
<createdBy>miguel</createdBy>
<createdTime>2024-10-07 01:54:57 UTC</createdTime>
<ownerDesignName>EFT_S9_Miguel_Bozo</ownerDesignName>
<engineerTo>
<item key="3FDECFF5-FAE0-BD3B-5C13-15D8544EA903" value="true"/>
</engineerTo>
<sourcePk>FD8A6F4C-30E1-3640-7887-6BC4F77E712E</sourcePk>
<identifying>true</identifying>
<optionalSource>false</optionalSource>
<optionalTarget>false</optionalTarget>
<sourceCardinality>1</sourceCardinality>
<sourceEntity>325937DF-4D5D-1D86-6B7E-64746AC710E4</sourceEntity>
<targetCardinalityString>*</targetCardinalityString>
<targetEntity>2330C714-A0DE-054C-DF32-177CB72337CC</targetEntity>
<transferable>true</transferable>
<deleteRule>NO ACTION</deleteRule>
</Relation>