<?xml version = '1.0' encoding = 'UTF-8'?>
<Relation class="oracle.dbtools.crest.model.design.logical.Relation" name="municipalidad_colegio" directorySegmentName="seg_0" id="641D8738-B573-5A8A-E875-14AF2A22E19A">
<createdBy>miguel</createdBy>
<createdTime>2024-10-07 01:48:30 UTC</createdTime>
<ownerDesignName>EFT_S9_Miguel_Bozo</ownerDesignName>
<engineerTo>
<item key="3FDECFF5-FAE0-BD3B-5C13-15D8544EA903" value="true"/>
</engineerTo>
<sourcePk>2F8D673D-3323-F979-F02F-9335EDDD5364</sourcePk>
<identifying>false</identifying>
<optionalSource>false</optionalSource>
<optionalTarget>false</optionalTarget>
<sourceCardinality>1</sourceCardinality>
<sourceEntity>1F8B30C9-5516-168A-8E01-A97467A83DF7</sourceEntity>
<targetCardinalityString>*</targetCardinalityString>
<targetEntity>18204A34-BAF8-E6C3-2A74-3C8C862CAFA3</targetEntity>
<transferable>true</transferable>
<deleteRule>NO ACTION</deleteRule>
</Relation>