<?xml version = '1.0' encoding = 'UTF-8'?>
<Relation class="oracle.dbtools.crest.model.design.logical.Relation" name="academia_tipo" directorySegmentName="seg_0" id="7400A1E8-10EA-2FA8-22D4-7E16D618B94F">
<createdBy>miguel</createdBy>
<createdTime>2024-10-07 01:54:01 UTC</createdTime>
<ownerDesignName>EFT_S9_Miguel_Bozo</ownerDesignName>
<engineerTo>
<item key="3FDECFF5-FAE0-BD3B-5C13-15D8544EA903" value="true"/>
</engineerTo>
<sourcePk>189F546A-0572-027B-0364-7578C70A9E31</sourcePk>
<identifying>false</identifying>
<optionalSource>false</optionalSource>
<optionalTarget>false</optionalTarget>
<sourceCardinality>1</sourceCardinality>
<sourceEntity>0C00D84C-09A3-03BB-66E0-07F5F357400C</sourceEntity>
<targetCardinalityString>*</targetCardinalityString>
<targetEntity>325937DF-4D5D-1D86-6B7E-64746AC710E4</targetEntity>
<transferable>true</transferable>
<deleteRule>NO ACTION</deleteRule>
</Relation>