<?xml version = '1.0' encoding = 'UTF-8'?>
<Relation class="oracle.dbtools.crest.model.design.logical.Relation" name="formulario_postulacion" directorySegmentName="seg_0" id="8F25937B-CA0E-1848-2CEB-45F66DD54DDD">
<createdBy>miguel</createdBy>
<createdTime>2024-10-07 01:53:42 UTC</createdTime>
<ownerDesignName>EFT_S9_Miguel_Bozo</ownerDesignName>
<engineerTo>
<item key="3FDECFF5-FAE0-BD3B-5C13-15D8544EA903" value="true"/>
</engineerTo>
<targetTransferable>false</targetTransferable>
<sourcePk>5F39140D-1AB2-9256-AEC5-B6F08E1573C9</sourcePk>
<targetPk>069E58D9-713A-13C0-9717-393D44770FD6</targetPk>
<identifying>false</identifying>
<optionalSource>false</optionalSource>
<optionalTarget>false</optionalTarget>
<sourceCardinality>1</sourceCardinality>
<sourceEntity>317CF491-A06E-113C-361F-794610A44BDF</sourceEntity>
<targetCardinalityString>1</targetCardinalityString>
<targetEntity>661FEE98-8DCE-B8DD-570F-7C7483C5398C</targetEntity>
<transferable>true</transferable>
<deleteRule>NO ACTION</deleteRule>
</Relation>