<?xml version = '1.0' encoding = 'UTF-8'?>
<Relation class="oracle.dbtools.crest.model.design.logical.Relation" name="tipo_instrumentos" directorySegmentName="seg_0" id="963B8E64-5158-07E7-F307-66F6123C4D67">
<createdBy>miguel</createdBy>
<createdTime>2024-10-07 01:55:16 UTC</createdTime>
<ownerDesignName>EFT_S9_Miguel_Bozo</ownerDesignName>
<engineerTo>
<item key="3FDECFF5-FAE0-BD3B-5C13-15D8544EA903" value="true"/>
</engineerTo>
<sourcePk>FD8A6F4C-30E1-3640-7887-6BC4F77E712E</sourcePk>
<identifying>true</identifying>
<optionalSource>false</optionalSource>
<optionalTarget>false</optionalTarget>
<sourceCardinality>1</sourceCardinality>
<sourceEntity>325937DF-4D5D-1D86-6B7E-64746AC710E4</sourceEntity>
<targetCardinalityString>*</targetCardinalityString>
<targetEntity>71F6B6B6-4A1E-8168-C46F-2339CA7A9D2F</targetEntity>
<transferable>true</transferable>
<deleteRule>NO ACTION</deleteRule>
</Relation>