<?xml version = '1.0' encoding = 'UTF-8'?>
<Relation class="oracle.dbtools.crest.model.design.logical.Relation" name="academia_formulario" directorySegmentName="seg_0" id="B7E66FE8-E834-A1AA-9444-DDF44EA995F9">
<createdBy>miguel</createdBy>
<createdTime>2024-10-07 01:53:13 UTC</createdTime>
<ownerDesignName>EFT_S9_Miguel_Bozo</ownerDesignName>
<engineerTo>
<item key="3FDECFF5-FAE0-BD3B-5C13-15D8544EA903" value="true"/>
</engineerTo>
<targetTransferable>false</targetTransferable>
<sourcePk>189F546A-0572-027B-0364-7578C70A9E31</sourcePk>
<identifying>true</identifying>
<optionalSource>false</optionalSource>
<optionalTarget>false</optionalTarget>
<sourceCardinality>1</sourceCardinality>
<sourceEntity>0C00D84C-09A3-03BB-66E0-07F5F357400C</sourceEntity>
<targetCardinalityString>*</targetCardinalityString>
<targetEntity>317CF491-A06E-113C-361F-794610A44BDF</targetEntity>
<transferable>true</transferable>
<deleteRule>NO ACTION</deleteRule>
</Relation>