<?xml version = '1.0' encoding = 'UTF-8'?>
<Relation class="oracle.dbtools.crest.model.design.logical.Relation" name="tipo_danza" directorySegmentName="seg_0" id="B8537AA1-2A95-F8D0-B224-513E9AF07928">
<createdBy>miguel</createdBy>
<createdTime>2024-10-07 01:55:29 UTC</createdTime>
<ownerDesignName>EFT_S9_Miguel_Bozo</ownerDesignName>
<engineerTo>
<item key="3FDECFF5-FAE0-BD3B-5C13-15D8544EA903" value="true"/>
</engineerTo>
<sourcePk>FD8A6F4C-30E1-3640-7887-6BC4F77E712E</sourcePk>
<identifying>true</identifying>
<optionalSource>false</optionalSource>
<optionalTarget>false</optionalTarget>
<sourceCardinality>1</sourceCardinality>
<sourceEntity>325937DF-4D5D-1D86-6B7E-64746AC710E4</sourceEntity>
<targetCardinalityString>*</targetCardinalityString>
<targetEntity>834F894F-F646-8477-3E83-D9C192778D67</targetEntity>
<transferable>true</transferable>
<deleteRule>NO ACTION</deleteRule>
</Relation>