<?xml version = '1.0' encoding = 'UTF-8'?>
<Diagram class="oracle.dbtools.crest.swingui.relational.DPVRelational" name="Relational_1" id="8DCE93A0-E300-4366-2B3A-ACFC97F9B4FC">
<createdBy>miguel</createdBy>
<modifiedBy>miguel</modifiedBy>
<createdTime>2024-10-07 01:25:10 UTC</createdTime>
<autoRoute>false</autoRoute>
<boxInbox>true</boxInbox>
<showLegend>false</showLegend>
<showLabels>false</showLabels>
<showRelAttributes>false</showRelAttributes>
<gridEnabled>false</gridEnabled>
<showGrid>false</showGrid>
<diagramColor>-1</diagramColor>
<display>false</display>
<notation>1</notation>
<objectViews>
<OView class="oracle.dbtools.crest.swingui.relational.TVTable" oid="065102FD-E880-8129-87FB-B79C8FE3FD62" otype="Table" vid="B53CAD4D-09B9-1F4A-C175-0A8B0A195222">
<hideElementsInCurrentOnly>false</hideElementsInCurrentOnly>
<bounds x="811" y="615" width="150" height="90"/>
</OView>
<OView class="oracle.dbtools.crest.swingui.relational.TVTable" oid="1B312D5D-FA9D-7A48-E86F-4CF70CD5F41F" otype="Table" vid="2032961F-CAF1-3FAB-89C8-087A5EA47822">
<hideElementsInCurrentOnly>false</hideElementsInCurrentOnly>
<bounds x="1103" y="477" width="170" height="110"/>
</OView>
<OView class="oracle.dbtools.crest.swingui.relational.TVTable" oid="2E0BAB24-CB32-9496-7370-14C121C822A2" otype="Table" vid="FD71CAF8-1B48-78CA-6E14-8B4B0ACB99DE">
<hideElementsInCurrentOnly>false</hideElementsInCurrentOnly>
<bounds x="565" y="99" width="170" height="110"/>
</OView>
<OView class="oracle.dbtools.crest.swingui.relational.TVTable" oid="43940059-C33B-BD0E-BD64-21E9BB3372A4" otype="Table" vid="37D7D96B-3D16-2786-73A8-5C1820FFA086">
<hideElementsInCurrentOnly>false</hideElementsInCurrentOnly>
<bounds x="802" y="482" width="170" height="239"/>
</OView>
<OView class="oracle.dbtools.crest.swingui.relational.TVTable" oid="49E0949D-A8C8-FEA7-C37D-9F5AEB64613B" otype="Table" vid="57859F6F-BFCA-712D-DF58-7A387D15C515">
<hideElementsInCurrentOnly>false</hideElementsInCurrentOnly>
<bounds x="892" y="101" width="170" height="110"/>
</OView>
<OView class="oracle.dbtools.crest.swingui.relational.TVTable" oid="53FA1374-EFFE-C229-DB49-EAFCC759B50F" otype="Table" vid="3186F86E-060E-1350-2E6F-A2D5EFBC68F1">
<hideElementsInCurrentOnly>false</hideElementsInCurrentOnly>
<bounds x="798" y="332" width="170" height="110"/>
</OView>
<OView class="oracle.dbtools.crest.swingui.relational.TVTable" oid="5D1BD52B-2C11-D32C-ED3E-7F370D24BC24" otype="Table" vid="6551099B-E82C-A948-FF54-8A487C519A78">
<hideElementsInCurrentOnly>false</hideElementsInCurrentOnly>
<bounds x="1095" y="350" width="170" height="110"/>
</OView>
<OView class="oracle.dbtools.crest.swingui.relational.TVTable" oid="74C6523A-5DEE-A849-BCF3-51B0F311CAF1" otype="Table" vid="C6084916-6328-B8E6-0750-CD0CADE8B3BB">
<hideElementsInCurrentOnly>false</hideElementsInCurrentOnly>
<bounds x="1087" y="222" width="170" height="110"/>
</OView>
<OView class="oracle.dbtools.crest.swingui.relational.TVTable" oid="9631AE3B-D31D-3C41-65B8-3F08C8F18B13" otype="Table" vid="0E3C8731-D589-E700-1188-60C0D8C8EDE2">
<hideElementsInCurrentOnly>false</hideElementsInCurrentOnly>
<bounds x="563" y="376" width="150" height="110"/>
</OView>
<OView class="oracle.dbtools.crest.swingui.relational.TVTable" oid="CBA85CDA-3DC2-3AD8-9386-B40BBBCE5204" otype="Table" vid="18B17FBA-8AA9-EA9E-C8E4-6E9C8B1279E7">
<hideElementsInCurrentOnly>false</hideElementsInCurrentOnly>
<bounds x="553" y="283" width="170" height="213"/>
</OView>
<OView class="oracle.dbtools.crest.swingui.relational.TVTable" oid="CDF59ADE-464F-3AEE-8586-1D2248A1D4E4" otype="Table" vid="0C8341B7-4F17-0A6F-FABB-35472670C277">
<hideElementsInCurrentOnly>false</hideElementsInCurrentOnly>
<bounds x="557" y="872" width="170" height="110"/>
</OView>
<OView class="oracle.dbtools.crest.swingui.relational.TVTable" oid="FF9090FD-4648-4761-2722-7E95ADCFEEE6" otype="Table" vid="883C455A-165C-8A4F-BF3E-82B211A87233">
<hideElementsInCurrentOnly>false</hideElementsInCurrentOnly>
<bounds x="545" y="583" width="170" height="110"/>
</OView>
</objectViews>
<connectors>
<Connector class="oracle.dbtools.crest.swingui.relational.TVFKRelation" oid="0C65F795-5FFC-2F0F-E2F8-DD9748B04E28" otype="FKIndexAssociation" vid_source="883C455A-165C-8A4F-BF3E-82B211A87233" vid_target="0C8341B7-4F17-0A6F-FABB-35472670C277">
<hideElementsInCurrentOnly>false</hideElementsInCurrentOnly>
<backgroundColor>-16777216</backgroundColor>
<lineWidth>1</lineWidth>
<points>
<point x="621" y="693"/>
<point x="621" y="872"/>
</points>
</Connector>
<Connector class="oracle.dbtools.crest.swingui.relational.TVFKRelation" oid="10B97B10-84B5-1AEA-DB37-1F027CA312B5" otype="FKIndexAssociation" vid_source="3186F86E-060E-1350-2E6F-A2D5EFBC68F1" vid_target="37D7D96B-3D16-2786-73A8-5C1820FFA086">
<hideElementsInCurrentOnly>false</hideElementsInCurrentOnly>
<backgroundColor>-16777216</backgroundColor>
<lineWidth>1</lineWidth>
<points>
<point x="870" y="442"/>
<point x="870" y="482"/>
</points>
</Connector>
<Connector class="oracle.dbtools.crest.swingui.relational.TVFKRelation" oid="17853E2D-4161-2535-CA0F-0FE79DE7F1F9" otype="FKIndexAssociation" vid_source="18B17FBA-8AA9-EA9E-C8E4-6E9C8B1279E7" vid_target="FD71CAF8-1B48-78CA-6E14-8B4B0ACB99DE">
<hideElementsInCurrentOnly>false</hideElementsInCurrentOnly>
<backgroundColor>-16777216</backgroundColor>
<lineWidth>1</lineWidth>
<points>
<point x="659" y="283"/>
<point x="659" y="209"/>
</points>
</Connector>
<Connector class="oracle.dbtools.crest.swingui.relational.TVFKRelation" oid="4AE28DE4-F809-F3C3-8D08-0387FBFCFE71" otype="FKIndexAssociation" vid_source="3186F86E-060E-1350-2E6F-A2D5EFBC68F1" vid_target="6551099B-E82C-A948-FF54-8A487C519A78">
<hideElementsInCurrentOnly>false</hideElementsInCurrentOnly>
<backgroundColor>-16777216</backgroundColor>
<lineWidth>1</lineWidth>
<points>
<point x="968" y="396"/>
<point x="1095" y="396"/>
</points>
</Connector>
<Connector class="oracle.dbtools.crest.swingui.relational.TVFKRelation" oid="55E9E1D2-5C1D-EF6C-9B21-7723AFBF970D" otype="FKIndexAssociation" vid_source="3186F86E-060E-1350-2E6F-A2D5EFBC68F1" vid_target="C6084916-6328-B8E6-0750-CD0CADE8B3BB">
<hideElementsInCurrentOnly>false</hideElementsInCurrentOnly>
<backgroundColor>-16777216</backgroundColor>
<lineWidth>1</lineWidth>
<points>
<point x="968" y="332"/>
<point x="1087" y="332"/>
</points>
</Connector>
<Connector class="oracle.dbtools.crest.swingui.relational.TVFKRelation" oid="69AD95AE-6257-1A52-EF8B-2C50B26F9D9C" otype="FKIndexAssociation" vid_source="18B17FBA-8AA9-EA9E-C8E4-6E9C8B1279E7" vid_target="883C455A-165C-8A4F-BF3E-82B211A87233">
<hideElementsInCurrentOnly>false</hideElementsInCurrentOnly>
<backgroundColor>-16777216</backgroundColor>
<lineWidth>1</lineWidth>
<points>
<point x="634" y="496"/>
<point x="634" y="583"/>
</points>
</Connector>
<Connector class="oracle.dbtools.crest.swingui.relational.TVFKRelation" oid="939150C9-DC28-89D5-A4B0-1D72CE3DDB57" otype="FKIndexAssociation" vid_source="3186F86E-060E-1350-2E6F-A2D5EFBC68F1" vid_target="2032961F-CAF1-3FAB-89C8-087A5EA47822">
<hideElementsInCurrentOnly>false</hideElementsInCurrentOnly>
<backgroundColor>-16777216</backgroundColor>
<lineWidth>1</lineWidth>
<points>
<point x="968" y="427"/>
<point x="1103" y="491"/>
</points>
</Connector>
<Connector class="oracle.dbtools.crest.swingui.relational.TVFKRelation" oid="B155B7EE-76A8-5BE4-898A-287873379732" otype="FKIndexAssociation" vid_source="18B17FBA-8AA9-EA9E-C8E4-6E9C8B1279E7" vid_target="3186F86E-060E-1350-2E6F-A2D5EFBC68F1">
<hideElementsInCurrentOnly>false</hideElementsInCurrentOnly>
<backgroundColor>-16777216</backgroundColor>
<lineWidth>1</lineWidth>
<points>
<point x="723" y="387"/>
<point x="798" y="387"/>
</points>
</Connector>
<Connector class="oracle.dbtools.crest.swingui.relational.TVFKRelation" oid="B872B7EC-5AB9-4994-3870-1275F6B8C3AC" otype="FKIndexAssociation" vid_source="0C8341B7-4F17-0A6F-FABB-35472670C277" vid_target="883C455A-165C-8A4F-BF3E-82B211A87233">
<hideElementsInCurrentOnly>false</hideElementsInCurrentOnly>
<backgroundColor>-16777216</backgroundColor>
<lineWidth>1</lineWidth>
<points>
<point x="666" y="872"/>
<point x="666" y="693"/>
</points>
</Connector>
<Connector class="oracle.dbtools.crest.swingui.relational.TVFKRelation" oid="D6CE92B8-3FDD-01AF-6A0A-FD48BCEF65E7" otype="FKIndexAssociation" vid_source="37D7D96B-3D16-2786-73A8-5C1820FFA086" vid_target="B53CAD4D-09B9-1F4A-C175-0A8B0A195222">
<hideElementsInCurrentOnly>false</hideElementsInCurrentOnly>
<backgroundColor>-16777216</backgroundColor>
<lineWidth>1</lineWidth>
<points>
<point x="972" y="660"/>
<point x="811" y="660"/>
</points>
</Connector>
<Connector class="oracle.dbtools.crest.swingui.relational.TVFKRelation" oid="E133B1CB-0188-834B-1B58-DCF92591CE18" otype="FKIndexAssociation" vid_source="18B17FBA-8AA9-EA9E-C8E4-6E9C8B1279E7" vid_target="0E3C8731-D589-E700-1188-60C0D8C8EDE2">
<hideElementsInCurrentOnly>false</hideElementsInCurrentOnly>
<backgroundColor>-16777216</backgroundColor>
<lineWidth>1</lineWidth>
<points>
<point x="723" y="431"/>
<point x="563" y="431"/>
</points>
</Connector>
<Connector class="oracle.dbtools.crest.swingui.relational.TVFKRelation" oid="F1FA286D-5583-FA71-73B3-BB844F5B8ED2" otype="FKIndexAssociation" vid_source="FD71CAF8-1B48-78CA-6E14-8B4B0ACB99DE" vid_target="57859F6F-BFCA-712D-DF58-7A387D15C515">
<hideElementsInCurrentOnly>false</hideElementsInCurrentOnly>
<backgroundColor>-16777216</backgroundColor>
<lineWidth>1</lineWidth>
<points>
<point x="735" y="155"/>
<point x="892" y="155"/>
</points>
</Connector>
</connectors>
</Diagram>