<?xml version = '1.0' encoding = 'UTF-8'?>
<Table class="oracle.dbtools.crest.model.design.relational.Table" directorySegmentName="seg_0" id="065102FD-E880-8129-87FB-B79C8FE3FD62" name="Turnos">
<createdBy>miguel</createdBy>
<createdTime>2024-10-07 02:00:02 UTC</createdTime>
<generatorID>825B51C3-C616-1AF0-34F3-A1F254DF7BFB</generatorID>
<ownerDesignName>EFT_S9_Miguel_Bozo</ownerDesignName>
<allowColumnReorder>false</allowColumnReorder>
<existDependencyGenerateInDDl>true</existDependencyGenerateInDDl>
<parsed>true</parsed>
<columns itemClass="oracle.dbtools.crest.model.design.relational.Column">
<Column name="id_profesor" id="D84797BA-8BD3-E004-AA2C-9F7AC63ED35B">
<createdBy>miguel</createdBy>
<createdTime>2024-10-07 02:00:02 UTC</createdTime>
<generatorID>76CC4BBE-0BF3-4975-2870-BC3CC956EF03</generatorID>
<ownerDesignName>EFT_S9_Miguel_Bozo</ownerDesignName>
<useDomainConstraints>false</useDomainConstraints>
<use>1</use>
<logicalDatatype>LOGDT019</logicalDatatype>
<dataTypePrecision>10</dataTypePrecision>
<ownDataTypeParameters>,,</ownDataTypeParameters>
<autoIncrementCycle>false</autoIncrementCycle>
<associations>
<colAssociation fkAssociation="D6CE92B8-3FDD-01AF-6A0A-FD48BCEF65E7" referredColumn="5E676EB0-048D-2343-855D-6262EC1D2398"/>
</associations>
</Column>
<Column name="id_director" id="447C6316-E49B-C67C-4957-388503FF3C8A">
<createdBy>miguel</createdBy>
<createdTime>2024-10-07 02:00:02 UTC</createdTime>
<generatorID>A4E330B5-682A-7359-B320-79424EF46DF0</generatorID>
<ownerDesignName>EFT_S9_Miguel_Bozo</ownerDesignName>
<useDomainConstraints>false</useDomainConstraints>
<use>1</use>
<logicalDatatype>LOGDT019</logicalDatatype>
<dataTypePrecision>10</dataTypePrecision>
<ownDataTypeParameters>,10,</ownDataTypeParameters>
<autoIncrementCycle>false</autoIncrementCycle>
</Column>
<Column name="nombre" id="E3CDBA02-4FA2-E695-44E0-1EFFDFE76291">
<createdBy>miguel</createdBy>
<createdTime>2024-10-07 02:00:02 UTC</createdTime>
<generatorID>375E6EA4-D424-210B-F279-7BF55EB2F548</generatorID>
<ownerDesignName>EFT_S9_Miguel_Bozo</ownerDesignName>
<useDomainConstraints>false</useDomainConstraints>
<use>1</use>
<logicalDatatype>LOGDT024</logicalDatatype>
<dataTypeSize>50 BYTE</dataTypeSize>
<ownDataTypeParameters>50 BYTE,,</ownDataTypeParameters>
<autoIncrementCycle>false</autoIncrementCycle>
</Column>
<Column name="id_tipo" id="2297DF71-4BC5-9B54-439A-EF52352F4397">
<createdBy>miguel</createdBy>
<createdTime>2024-10-07 02:00:02 UTC</createdTime>
<generatorID>6B8D5105-C6B6-D729-425A-491778B92702</generatorID>
<ownerDesignName>EFT_S9_Miguel_Bozo</ownerDesignName>
<useDomainConstraints>false</useDomainConstraints>
<use>1</use>
<logicalDatatype>LOGDT019</logicalDatatype>
<dataTypePrecision>10</dataTypePrecision>
<ownDataTypeParameters>,,</ownDataTypeParameters>
<previousColumn>false</previousColumn>
<autoIncrementCycle>false</autoIncrementCycle>
<associations>
<colAssociation fkAssociation="D6CE92B8-3FDD-01AF-6A0A-FD48BCEF65E7" referredColumn="A2675045-728A-0365-CE2C-E8D8BCD7EA8A"/>
</associations>
</Column>
</columns>
<indexes itemClass="oracle.dbtools.crest.model.design.relational.Index">
<ind_PK_UK id="818A6398-939D-200A-A0F9-F6CADDC0C1CA" name="Turnos_PK">
<createdBy>miguel</createdBy>
<createdTime>2024-10-07 02:00:02 UTC</createdTime>
<generatorID>7C33EFEC-589F-29F9-4F8F-D75B435F0E3D</generatorID>
<ownerDesignName>EFT_S9_Miguel_Bozo</ownerDesignName>
<pk>true</pk>
<indexState>Primary Constraint</indexState>
<isSurrogateKey>false</isSurrogateKey>
<indexColumnUsage>
<colUsage columnID="D84797BA-8BD3-E004-AA2C-9F7AC63ED35B"/>
<colUsage columnID="2297DF71-4BC5-9B54-439A-EF52352F4397"/>
</indexColumnUsage>
</ind_PK_UK>
<ind_PK_UK id="4DE989CF-A572-00A3-09AB-1568875CD171" name="Turnos_PKv1">
<createdBy>miguel</createdBy>
<createdTime>2024-10-07 02:00:02 UTC</createdTime>
<generatorID>7294E7B5-7FF5-5565-F19F-3BA7BB79AC59</generatorID>
<ownerDesignName>EFT_S9_Miguel_Bozo</ownerDesignName>
<indexState>Unique Constraint</indexState>
<isSurrogateKey>false</isSurrogateKey>
<indexColumnUsage>
<colUsage columnID="447C6316-E49B-C67C-4957-388503FF3C8A"/>
</indexColumnUsage>
</ind_PK_UK>
<ind_PK_UK id="F75840A8-E9A0-DE68-CAC7-A510ACECA529" name="Turnos_Profesor_FK">
<createdBy>miguel</createdBy>
<createdTime>2024-10-07 02:00:02 UTC</createdTime>
<generatorID>C3564021-F58A-F462-8D5C-EC0BCC30A65B</generatorID>
<ownerDesignName>EFT_S9_Miguel_Bozo</ownerDesignName>
<indexState>Foreign Key</indexState>
<isSurrogateKey>false</isSurrogateKey>
<indexColumnUsage>
<colUsage columnID="D84797BA-8BD3-E004-AA2C-9F7AC63ED35B"/>
<colUsage columnID="2297DF71-4BC5-9B54-439A-EF52352F4397"/>
</indexColumnUsage>
</ind_PK_UK>
</indexes>
</Table>