<?xml version = '1.0' encoding = 'UTF-8'?>
<Table class="oracle.dbtools.crest.model.design.relational.Table" directorySegmentName="seg_0" id="43940059-C33B-BD0E-BD64-21E9BB3372A4" name="Profesor">
<createdBy>miguel</createdBy>
<createdTime>2024-10-07 02:00:02 UTC</createdTime>
<generatorID>C5D901E5-CE55-AE95-E7CA-F33D65682342</generatorID>
<ownerDesignName>EFT_S9_Miguel_Bozo</ownerDesignName>
<allowColumnReorder>false</allowColumnReorder>
<existDependencyGenerateInDDl>true</existDependencyGenerateInDDl>
<parsed>true</parsed>
<columns itemClass="oracle.dbtools.crest.model.design.relational.Column">
<Column name="id_profesor" id="5E676EB0-048D-2343-855D-6262EC1D2398">
<createdBy>miguel</createdBy>
<createdTime>2024-10-07 02:00:02 UTC</createdTime>
<generatorID>76CC4BBE-0BF3-4975-2870-BC3CC956EF03</generatorID>
<ownerDesignName>EFT_S9_Miguel_Bozo</ownerDesignName>
<useDomainConstraints>false</useDomainConstraints>
<use>1</use>
<logicalDatatype>LOGDT019</logicalDatatype>
<dataTypePrecision>10</dataTypePrecision>
<ownDataTypeParameters>,10,</ownDataTypeParameters>
<autoIncrementCycle>false</autoIncrementCycle>
</Column>
<Column name="nombre" id="F76FFE9A-C9E6-9634-8E88-A974FA44FAB6">
<createdBy>miguel</createdBy>
<createdTime>2024-10-07 02:00:02 UTC</createdTime>
<generatorID>7DF1A00A-2895-2ABD-788E-8866D71A686A</generatorID>
<ownerDesignName>EFT_S9_Miguel_Bozo</ownerDesignName>
<useDomainConstraints>false</useDomainConstraints>
<use>1</use>
<logicalDatatype>LOGDT024</logicalDatatype>
<dataTypeSize>50 BYTE</dataTypeSize>
<ownDataTypeParameters>50 BYTE,,</ownDataTypeParameters>
<autoIncrementCycle>false</autoIncrementCycle>
</Column>
<Column name="especialidad" id="8B08C6FF-5955-63AB-ED38-6639F87EA2E8">
<createdBy>miguel</createdBy>
<createdTime>2024-10-07 02:00:02 UTC</createdTime>
<generatorID>06463E91-7D9C-BC2F-8DA4-1FE8BB3B7EEE</generatorID>
<ownerDesignName>EFT_S9_Miguel_Bozo</ownerDesignName>
<useDomainConstraints>false</useDomainConstraints>
<use>1</use>
<logicalDatatype>LOGDT024</logicalDatatype>
<dataTypeSize>50 BYTE</dataTypeSize>
<ownDataTypeParameters>50 BYTE,,</ownDataTypeParameters>
<autoIncrementCycle>false</autoIncrementCycle>
</Column>
<Column name="Tipo_Academia_id_tipo" id="A2675045-728A-0365-CE2C-E8D8BCD7EA8A">
<createdBy>miguel</createdBy>
<createdTime>2024-10-07 02:00:02 UTC</createdTime>
<generatorID>6B8D5105-C6B6-D729-425A-491778B92702</generatorID>
<ownerDesignName>EFT_S9_Miguel_Bozo</ownerDesignName>
<useDomainConstraints>false</useDomainConstraints>
<use>1</use>
<logicalDatatype>LOGDT019</logicalDatatype>
<dataTypePrecision>10</dataTypePrecision>
<ownDataTypeParameters>,,</ownDataTypeParameters>
<previousColumn>false</previousColumn>
<autoIncrementCycle>false</autoIncrementCycle>
<associations>
<colAssociation fkAssociation="10B97B10-84B5-1AEA-DB37-1F027CA312B5" referredColumn="17E144BE-0162-1D68-545F-5E2CF8ADEB55"/>
</associations>
</Column>
</columns>
<indexes itemClass="oracle.dbtools.crest.model.design.relational.Index">
<ind_PK_UK id="D19A8897-1958-84EB-8F50-CE942FFC1AD5" name="Profesor_PK">
<createdBy>miguel</createdBy>
<createdTime>2024-10-07 02:00:02 UTC</createdTime>
<generatorID>7C33EFEC-589F-29F9-4F8F-D75B435F0E3D</generatorID>
<ownerDesignName>EFT_S9_Miguel_Bozo</ownerDesignName>
<pk>true</pk>
<indexState>Primary Constraint</indexState>
<isSurrogateKey>false</isSurrogateKey>
<indexColumnUsage>
<colUsage columnID="5E676EB0-048D-2343-855D-6262EC1D2398"/>
<colUsage columnID="A2675045-728A-0365-CE2C-E8D8BCD7EA8A"/>
</indexColumnUsage>
</ind_PK_UK>
<ind_PK_UK id="02B2E0A4-1CA0-366D-733D-C36223CFD2C2" name="Profesor_Tipo_Academia_FK">
<createdBy>miguel</createdBy>
<createdTime>2024-10-07 02:00:02 UTC</createdTime>
<generatorID>00C14360-C2BE-888A-5DEB-62C43F5DB66C</generatorID>
<ownerDesignName>EFT_S9_Miguel_Bozo</ownerDesignName>
<indexState>Foreign Key</indexState>
<isSurrogateKey>false</isSurrogateKey>
<indexColumnUsage>
<colUsage columnID="A2675045-728A-0365-CE2C-E8D8BCD7EA8A"/>
</indexColumnUsage>
</ind_PK_UK>
</indexes>
</Table>