<?xml version = '1.0' encoding = 'UTF-8'?>
<Table class="oracle.dbtools.crest.model.design.relational.Table" directorySegmentName="seg_0" id="49E0949D-A8C8-FEA7-C37D-9F5AEB64613B" name="Colegio">
<createdBy>miguel</createdBy>
<createdTime>2024-10-07 02:00:02 UTC</createdTime>
<generatorID>18204A34-BAF8-E6C3-2A74-3C8C862CAFA3</generatorID>
<ownerDesignName>EFT_S9_Miguel_Bozo</ownerDesignName>
<allowColumnReorder>false</allowColumnReorder>
<existDependencyGenerateInDDl>true</existDependencyGenerateInDDl>
<parsed>true</parsed>
<columns itemClass="oracle.dbtools.crest.model.design.relational.Column">
<Column name="id_colegio" id="ADEE59BD-5687-0D94-AABE-715BC611C5BB">
<createdBy>miguel</createdBy>
<createdTime>2024-10-07 02:00:02 UTC</createdTime>
<generatorID>2029C632-9913-8937-FEB2-38D100C77CFB</generatorID>
<ownerDesignName>EFT_S9_Miguel_Bozo</ownerDesignName>
<useDomainConstraints>false</useDomainConstraints>
<use>1</use>
<logicalDatatype>LOGDT019</logicalDatatype>
<dataTypePrecision>10</dataTypePrecision>
<ownDataTypeParameters>,10,</ownDataTypeParameters>
<autoIncrementCycle>false</autoIncrementCycle>
</Column>
<Column name="nombre" id="B1BBAE04-1F08-0CF4-2DB9-3F348F7E4AC8">
<createdBy>miguel</createdBy>
<createdTime>2024-10-07 02:00:02 UTC</createdTime>
<generatorID>F3782BAD-9FAE-C0C1-9525-D08E357E047F</generatorID>
<ownerDesignName>EFT_S9_Miguel_Bozo</ownerDesignName>
<useDomainConstraints>false</useDomainConstraints>
<use>1</use>
<logicalDatatype>LOGDT024</logicalDatatype>
<dataTypeSize>50</dataTypeSize>
<ownDataTypeParameters>50,,</ownDataTypeParameters>
<autoIncrementCycle>false</autoIncrementCycle>
</Column>
<Column name="cantidad_estudiantes" id="F8CD608F-4BA1-E148-9638-0B4B9DA06BF4">
<createdBy>miguel</createdBy>
<createdTime>2024-10-07 02:00:02 UTC</createdTime>
<generatorID>4D09B2A5-8454-81E4-7B12-64179E5913CB</generatorID>
<ownerDesignName>EFT_S9_Miguel_Bozo</ownerDesignName>
<useDomainConstraints>false</useDomainConstraints>
<use>1</use>
<logicalDatatype>LOGDT019</logicalDatatype>
<dataTypePrecision>10</dataTypePrecision>
<ownDataTypeParameters>,10,</ownDataTypeParameters>
<autoIncrementCycle>false</autoIncrementCycle>
</Column>
<Column name="Municipalidad_id_municipalidad" id="14CD9A53-35CA-82FD-263C-830B384250C2">
<createdBy>miguel</createdBy>
<createdTime>2024-10-07 02:00:02 UTC</createdTime>
<generatorID>6E547865-9C1C-63CE-C363-ACB492595022</generatorID>
<ownerDesignName>EFT_S9_Miguel_Bozo</ownerDesignName>
<useDomainConstraints>false</useDomainConstraints>
<use>1</use>
<logicalDatatype>LOGDT019</logicalDatatype>
<dataTypePrecision>10</dataTypePrecision>
<ownDataTypeParameters>,,</ownDataTypeParameters>
<previousColumn>false</previousColumn>
<autoIncrementCycle>false</autoIncrementCycle>
<associations>
<colAssociation fkAssociation="F1FA286D-5583-FA71-73B3-BB844F5B8ED2" referredColumn="EB010CDD-86E4-A0AC-8BFD-448CA7A7D72C"/>
</associations>
</Column>
</columns>
<indexes itemClass="oracle.dbtools.crest.model.design.relational.Index">
<ind_PK_UK id="02986A2D-5DFE-2B17-88DF-110736ABD74B" name="Colegio_PK">
<createdBy>miguel</createdBy>
<createdTime>2024-10-07 02:00:02 UTC</createdTime>
<generatorID>70D25695-A781-8B35-8F4C-C1291C89543A</generatorID>
<ownerDesignName>EFT_S9_Miguel_Bozo</ownerDesignName>
<pk>true</pk>
<indexState>Primary Constraint</indexState>
<isSurrogateKey>false</isSurrogateKey>
<indexColumnUsage>
<colUsage columnID="ADEE59BD-5687-0D94-AABE-715BC611C5BB"/>
</indexColumnUsage>
</ind_PK_UK>
<ind_PK_UK id="4D2DF2DF-1D36-9D84-F912-CFDD6FE31373" name="Colegio_Municipalidad_FK">
<createdBy>miguel</createdBy>
<createdTime>2024-10-07 02:00:02 UTC</createdTime>
<generatorID>641D8738-B573-5A8A-E875-14AF2A22E19A</generatorID>
<ownerDesignName>EFT_S9_Miguel_Bozo</ownerDesignName>
<indexState>Foreign Key</indexState>
<isSurrogateKey>false</isSurrogateKey>
<indexColumnUsage>
<colUsage columnID="14CD9A53-35CA-82FD-263C-830B384250C2"/>
</indexColumnUsage>
</ind_PK_UK>
</indexes>
</Table>