<?xml version = '1.0' encoding = 'UTF-8'?>
<Table class="oracle.dbtools.crest.model.design.relational.Table" directorySegmentName="seg_0" id="53FA1374-EFFE-C229-DB49-EAFCC759B50F" name="Tipo_Academia">
<createdBy>miguel</createdBy>
<createdTime>2024-10-07 02:00:02 UTC</createdTime>
<generatorID>325937DF-4D5D-1D86-6B7E-64746AC710E4</generatorID>
<ownerDesignName>EFT_S9_Miguel_Bozo</ownerDesignName>
<allowColumnReorder>false</allowColumnReorder>
<existDependencyGenerateInDDl>true</existDependencyGenerateInDDl>
<parsed>true</parsed>
<columns itemClass="oracle.dbtools.crest.model.design.relational.Column">
<Column name="id_tipo" id="17E144BE-0162-1D68-545F-5E2CF8ADEB55">
<createdBy>miguel</createdBy>
<createdTime>2024-10-07 02:00:02 UTC</createdTime>
<generatorID>449CC627-A84F-C2EA-76E7-C5F98DCF3E48</generatorID>
<ownerDesignName>EFT_S9_Miguel_Bozo</ownerDesignName>
<useDomainConstraints>false</useDomainConstraints>
<use>1</use>
<logicalDatatype>LOGDT019</logicalDatatype>
<dataTypePrecision>10</dataTypePrecision>
<ownDataTypeParameters>,10,</ownDataTypeParameters>
<autoIncrementCycle>false</autoIncrementCycle>
</Column>
<Column name="nombre_tipo" id="D1D7144A-D2DA-011F-5DDB-F3CA2D6548DC">
<createdBy>miguel</createdBy>
<createdTime>2024-10-07 02:00:02 UTC</createdTime>
<generatorID>FB0AB9F1-7E8C-C797-DE74-0C8F53A1D803</generatorID>
<ownerDesignName>EFT_S9_Miguel_Bozo</ownerDesignName>
<useDomainConstraints>false</useDomainConstraints>
<use>1</use>
<logicalDatatype>LOGDT024</logicalDatatype>
<dataTypeSize>10 BYTE</dataTypeSize>
<ownDataTypeParameters>10 BYTE,,</ownDataTypeParameters>
<autoIncrementCycle>false</autoIncrementCycle>
</Column>
<Column name="Academia_id_academia" id="52B408D3-7F90-3C3C-9EAB-6064907BBA9F">
<createdBy>miguel</createdBy>
<createdTime>2024-10-07 02:00:02 UTC</createdTime>
<generatorID>353473C1-DF01-2F63-5ECB-24CE38253E35</generatorID>
<ownerDesignName>EFT_S9_Miguel_Bozo</ownerDesignName>
<useDomainConstraints>false</useDomainConstraints>
<use>1</use>
<logicalDatatype>LOGDT019</logicalDatatype>
<dataTypePrecision>10</dataTypePrecision>
<ownDataTypeParameters>,,</ownDataTypeParameters>
<previousColumn>false</previousColumn>
<autoIncrementCycle>false</autoIncrementCycle>
<associations>
<colAssociation fkAssociation="B155B7EE-76A8-5BE4-898A-287873379732" referredColumn="4B2813E9-4AC4-3E39-0161-9B0AFF078F02"/>
</associations>
</Column>
</columns>
<indexes itemClass="oracle.dbtools.crest.model.design.relational.Index">
<ind_PK_UK id="78B60CB1-479A-ACFD-1E2A-2646CC43A892" name="Tipo_Academia_PK">
<createdBy>miguel</createdBy>
<createdTime>2024-10-07 02:00:02 UTC</createdTime>
<generatorID>FD8A6F4C-30E1-3640-7887-6BC4F77E712E</generatorID>
<ownerDesignName>EFT_S9_Miguel_Bozo</ownerDesignName>
<pk>true</pk>
<indexState>Primary Constraint</indexState>
<isSurrogateKey>false</isSurrogateKey>
<indexColumnUsage>
<colUsage columnID="17E144BE-0162-1D68-545F-5E2CF8ADEB55"/>
</indexColumnUsage>
</ind_PK_UK>
<ind_PK_UK id="8CC71B1C-7E23-5837-C3B7-032092EC07E7" name="Tipo_Academia_Academia_FK">
<createdBy>miguel</createdBy>
<createdTime>2024-10-07 02:00:02 UTC</createdTime>
<generatorID>7400A1E8-10EA-2FA8-22D4-7E16D618B94F</generatorID>
<ownerDesignName>EFT_S9_Miguel_Bozo</ownerDesignName>
<indexState>Foreign Key</indexState>
<isSurrogateKey>false</isSurrogateKey>
<indexColumnUsage>
<colUsage columnID="52B408D3-7F90-3C3C-9EAB-6064907BBA9F"/>
</indexColumnUsage>
</ind_PK_UK>
</indexes>
</Table>