<?xml version = '1.0' encoding = 'UTF-8'?>
<Table class="oracle.dbtools.crest.model.design.relational.Table" directorySegmentName="seg_0" id="9631AE3B-D31D-3C41-65B8-3F08C8F18B13" name="Director">
<createdBy>miguel</createdBy>
<createdTime>2024-10-07 02:00:02 UTC</createdTime>
<generatorID>4F72450F-FFCB-7A1C-6D85-7C113F89A572</generatorID>
<ownerDesignName>EFT_S9_Miguel_Bozo</ownerDesignName>
<allowColumnReorder>false</allowColumnReorder>
<existDependencyGenerateInDDl>true</existDependencyGenerateInDDl>
<parsed>true</parsed>
<columns itemClass="oracle.dbtools.crest.model.design.relational.Column">
<Column name="id_academia" id="B667E995-A0F0-B1DC-F40F-9F2DF759922D">
<createdBy>miguel</createdBy>
<createdTime>2024-10-07 02:00:02 UTC</createdTime>
<generatorID>B7D8DA84-AFEF-F410-B5BF-CE37C18F430A</generatorID>
<ownerDesignName>EFT_S9_Miguel_Bozo</ownerDesignName>
<useDomainConstraints>false</useDomainConstraints>
<use>1</use>
<logicalDatatype>LOGDT019</logicalDatatype>
<dataTypePrecision>10</dataTypePrecision>
<ownDataTypeParameters>,,</ownDataTypeParameters>
<autoIncrementCycle>false</autoIncrementCycle>
<associations>
<colAssociation fkAssociation="E133B1CB-0188-834B-1B58-DCF92591CE18" referredColumn="4B2813E9-4AC4-3E39-0161-9B0AFF078F02"/>
</associations>
</Column>
<Column name="id_director" id="9DC45C9B-A1F3-1F09-3A2D-72BEE9F64B61">
<createdBy>miguel</createdBy>
<createdTime>2024-10-07 02:00:02 UTC</createdTime>
<generatorID>46874C19-777D-C640-CF75-01B00F5263A0</generatorID>
<ownerDesignName>EFT_S9_Miguel_Bozo</ownerDesignName>
<useDomainConstraints>false</useDomainConstraints>
<use>1</use>
<logicalDatatype>LOGDT019</logicalDatatype>
<dataTypePrecision>10</dataTypePrecision>
<ownDataTypeParameters>,10,</ownDataTypeParameters>
<autoIncrementCycle>false</autoIncrementCycle>
</Column>
<Column name="nombre" id="FC41CAB1-89B0-7AED-02F4-EEC4A1972AAE">
<createdBy>miguel</createdBy>
<createdTime>2024-10-07 02:00:02 UTC</createdTime>
<generatorID>3720E7B4-DC29-9B8B-8823-78BB20314CCC</generatorID>
<ownerDesignName>EFT_S9_Miguel_Bozo</ownerDesignName>
<useDomainConstraints>false</useDomainConstraints>
<use>1</use>
<logicalDatatype>LOGDT024</logicalDatatype>
<dataTypeSize>50 BYTE</dataTypeSize>
<ownDataTypeParameters>50 BYTE,,</ownDataTypeParameters>
<autoIncrementCycle>false</autoIncrementCycle>
</Column>
</columns>
<indexes itemClass="oracle.dbtools.crest.model.design.relational.Index">
<ind_PK_UK id="DCF8DD48-00F3-9EF0-3C68-CE4D3FC7BA65" name="Director_PK">
<createdBy>miguel</createdBy>
<createdTime>2024-10-07 02:00:02 UTC</createdTime>
<generatorID>189F546A-0572-027B-0364-7578C70A9E31</generatorID>
<ownerDesignName>EFT_S9_Miguel_Bozo</ownerDesignName>
<pk>true</pk>
<indexState>Primary Constraint</indexState>
<isSurrogateKey>false</isSurrogateKey>
<indexColumnUsage>
<colUsage columnID="B667E995-A0F0-B1DC-F40F-9F2DF759922D"/>
</indexColumnUsage>
</ind_PK_UK>
<ind_PK_UK id="B7B9B7FE-8EBF-5A6F-C99B-3A4559215B4C" name="Director_PKv1">
<createdBy>miguel</createdBy>
<createdTime>2024-10-07 02:00:02 UTC</createdTime>
<generatorID>D2594FC7-EA37-9608-62CD-4CFAD2144064</generatorID>
<ownerDesignName>EFT_S9_Miguel_Bozo</ownerDesignName>
<indexState>Unique Constraint</indexState>
<isSurrogateKey>false</isSurrogateKey>
<indexColumnUsage>
<colUsage columnID="9DC45C9B-A1F3-1F09-3A2D-72BEE9F64B61"/>
</indexColumnUsage>
</ind_PK_UK>
<ind_PK_UK id="454CEBE2-5CAB-C5D9-6221-22769B6C1066" name="Director_Academia_FK">
<createdBy>miguel</createdBy>
<createdTime>2024-10-07 02:00:02 UTC</createdTime>
<generatorID>02DF9297-79F3-B613-CF49-72A6FABCA4CC</generatorID>
<ownerDesignName>EFT_S9_Miguel_Bozo</ownerDesignName>
<indexState>Foreign Key</indexState>
<isSurrogateKey>false</isSurrogateKey>
<indexColumnUsage>
<colUsage columnID="B667E995-A0F0-B1DC-F40F-9F2DF759922D"/>
</indexColumnUsage>
</ind_PK_UK>
</indexes>
</Table>