<?xml version = '1.0' encoding = 'UTF-8'?>
<Table class="oracle.dbtools.crest.model.design.relational.Table" directorySegmentName="seg_0" id="CDF59ADE-464F-3AEE-8586-1D2248A1D4E4" name="Proyecto_Concursable">
<createdBy>miguel</createdBy>
<createdTime>2024-10-07 02:00:02 UTC</createdTime>
<generatorID>661FEE98-8DCE-B8DD-570F-7C7483C5398C</generatorID>
<ownerDesignName>EFT_S9_Miguel_Bozo</ownerDesignName>
<allowColumnReorder>false</allowColumnReorder>
<existDependencyGenerateInDDl>true</existDependencyGenerateInDDl>
<parsed>true</parsed>
<columns itemClass="oracle.dbtools.crest.model.design.relational.Column">
<Column name="id_proyecto" id="C4FEE8D8-BC40-3159-DF92-9B14C43DC45A">
<createdBy>miguel</createdBy>
<createdTime>2024-10-07 02:00:02 UTC</createdTime>
<generatorID>727DFFE2-6858-FD7E-5209-E524E439F611</generatorID>
<ownerDesignName>EFT_S9_Miguel_Bozo</ownerDesignName>
<useDomainConstraints>false</useDomainConstraints>
<use>1</use>
<logicalDatatype>LOGDT019</logicalDatatype>
<dataTypePrecision>10</dataTypePrecision>
<ownDataTypeParameters>,10,</ownDataTypeParameters>
<autoIncrementCycle>false</autoIncrementCycle>
</Column>
<Column name="Nombre" id="60593778-B926-E7B8-FA58-0F67D8A4ACE9">
<createdBy>miguel</createdBy>
<createdTime>2024-10-07 02:00:02 UTC</createdTime>
<generatorID>32183D96-4C27-6850-34EB-34770CA18A50</generatorID>
<ownerDesignName>EFT_S9_Miguel_Bozo</ownerDesignName>
<useDomainConstraints>false</useDomainConstraints>
<use>1</use>
<logicalDatatype>LOGDT024</logicalDatatype>
<dataTypeSize>50 BYTE</dataTypeSize>
<ownDataTypeParameters>50 BYTE,,</ownDataTypeParameters>
<autoIncrementCycle>false</autoIncrementCycle>
</Column>
<Column name="fecha_postulacion" id="70E319A4-8BB9-BC69-6040-CB227FAE69B8">
<createdBy>miguel</createdBy>
<createdTime>2024-10-07 02:00:02 UTC</createdTime>
<generatorID>0BF06AF4-2806-C625-409B-F2063966501E</generatorID>
<ownerDesignName>EFT_S9_Miguel_Bozo</ownerDesignName>
<useDomainConstraints>false</useDomainConstraints>
<use>1</use>
<logicalDatatype>LOGDT007</logicalDatatype>
<ownDataTypeParameters>,,</ownDataTypeParameters>
<autoIncrementCycle>false</autoIncrementCycle>
</Column>
<Column name="Formulario_id_formulario" id="8436E03D-84DC-8443-8328-EBE64ECBB405">
<createdBy>miguel</createdBy>
<createdTime>2024-10-07 02:00:02 UTC</createdTime>
<generatorID>2CD3F4B3-6F84-7371-1CAE-DD002E8D9B27</generatorID>
<ownerDesignName>EFT_S9_Miguel_Bozo</ownerDesignName>
<useDomainConstraints>false</useDomainConstraints>
<use>1</use>
<logicalDatatype>LOGDT019</logicalDatatype>
<dataTypePrecision>10</dataTypePrecision>
<ownDataTypeParameters>,,</ownDataTypeParameters>
<previousColumn>false</previousColumn>
<autoIncrementCycle>false</autoIncrementCycle>
<associations>
<colAssociation fkAssociation="0C65F795-5FFC-2F0F-E2F8-DD9748B04E28" referredColumn="D96F7A56-8DA2-179A-9CF4-5B2E190D69C1"/>
</associations>
</Column>
<Column name="Formulario_Academia_id_academia" id="C98E1BA3-FB20-1E9D-29A4-475AA1CA7ED3">
<createdBy>miguel</createdBy>
<createdTime>2024-10-07 02:00:02 UTC</createdTime>
<generatorID>589A3C75-5BD7-0427-1EB4-4F7FF8C8C548</generatorID>
<ownerDesignName>EFT_S9_Miguel_Bozo</ownerDesignName>
<useDomainConstraints>false</useDomainConstraints>
<use>1</use>
<logicalDatatype>LOGDT019</logicalDatatype>
<dataTypePrecision>10</dataTypePrecision>
<ownDataTypeParameters>,,</ownDataTypeParameters>
<previousColumn>false</previousColumn>
<autoIncrementCycle>false</autoIncrementCycle>
<associations>
<colAssociation fkAssociation="0C65F795-5FFC-2F0F-E2F8-DD9748B04E28" referredColumn="B98D3771-8CA0-4169-648B-6E320F73895E"/>
</associations>
</Column>
</columns>
<indexes itemClass="oracle.dbtools.crest.model.design.relational.Index">
<ind_PK_UK id="DA2B49CF-F53B-FE8B-DCBC-90B6529D0594" name="Proyecto_Concursable_PK">
<createdBy>miguel</createdBy>
<createdTime>2024-10-07 02:00:02 UTC</createdTime>
<generatorID>069E58D9-713A-13C0-9717-393D44770FD6</generatorID>
<ownerDesignName>EFT_S9_Miguel_Bozo</ownerDesignName>
<pk>true</pk>
<indexState>Primary Constraint</indexState>
<isSurrogateKey>false</isSurrogateKey>
<indexColumnUsage>
<colUsage columnID="C4FEE8D8-BC40-3159-DF92-9B14C43DC45A"/>
</indexColumnUsage>
</ind_PK_UK>
<ind_PK_UK id="2BDE46AB-0833-8639-2BDF-DD73F21F2181" name="Proyecto_Concursable__IDX">
<createdBy>miguel</createdBy>
<createdTime>2024-10-07 02:00:02 UTC</createdTime>
<ownerDesignName>EFT_S9_Miguel_Bozo</ownerDesignName>
<indexState>Unique Plain Index</indexState>
<isSurrogateKey>false</isSurrogateKey>
<relationGeneratorID>8F25937B-CA0E-1848-2CEB-45F66DD54DDD</relationGeneratorID>
<indexColumnUsage>
<colUsage columnID="8436E03D-84DC-8443-8328-EBE64ECBB405"/>
<colUsage columnID="C98E1BA3-FB20-1E9D-29A4-475AA1CA7ED3"/>
</indexColumnUsage>
</ind_PK_UK>
<ind_PK_UK id="1EF7BADE-4AD4-CB1E-3CC1-25F1DD2B1C80" name="Proyecto_Concursable_Formulario_FK">
<createdBy>miguel</createdBy>
<createdTime>2024-10-07 02:00:02 UTC</createdTime>
<generatorID>8F25937B-CA0E-1848-2CEB-45F66DD54DDD</generatorID>
<ownerDesignName>EFT_S9_Miguel_Bozo</ownerDesignName>
<indexState>Foreign Key</indexState>
<isSurrogateKey>false</isSurrogateKey>
<indexColumnUsage>
<colUsage columnID="8436E03D-84DC-8443-8328-EBE64ECBB405"/>
<colUsage columnID="C98E1BA3-FB20-1E9D-29A4-475AA1CA7ED3"/>
</indexColumnUsage>
</ind_PK_UK>
</indexes>
</Table>