<?xml version = '1.0' encoding = 'UTF-8'?>
<Table class="oracle.dbtools.crest.model.design.relational.Table" directorySegmentName="seg_0" id="FF9090FD-4648-4761-2722-7E95ADCFEEE6" name="Formulario">
<createdBy>miguel</createdBy>
<createdTime>2024-10-07 02:00:02 UTC</createdTime>
<generatorID>317CF491-A06E-113C-361F-794610A44BDF</generatorID>
<ownerDesignName>EFT_S9_Miguel_Bozo</ownerDesignName>
<allowColumnReorder>false</allowColumnReorder>
<existDependencyGenerateInDDl>true</existDependencyGenerateInDDl>
<parsed>true</parsed>
<columns itemClass="oracle.dbtools.crest.model.design.relational.Column">
<Column name="id_formulario" id="D96F7A56-8DA2-179A-9CF4-5B2E190D69C1">
<createdBy>miguel</createdBy>
<createdTime>2024-10-07 02:00:02 UTC</createdTime>
<generatorID>2FA3135F-265F-28C4-8FBB-3DA8CB38F5E8</generatorID>
<ownerDesignName>EFT_S9_Miguel_Bozo</ownerDesignName>
<useDomainConstraints>false</useDomainConstraints>
<use>1</use>
<logicalDatatype>LOGDT019</logicalDatatype>
<dataTypePrecision>10</dataTypePrecision>
<ownDataTypeParameters>,10,</ownDataTypeParameters>
<autoIncrementCycle>false</autoIncrementCycle>
</Column>
<Column name="fecha_postulacion" id="183BA9AF-F8A2-BDDB-9328-81F97AF1AA2C">
<createdBy>miguel</createdBy>
<createdTime>2024-10-07 02:00:02 UTC</createdTime>
<generatorID>A605A884-D2FD-C061-9F5C-8D7DEAA9A086</generatorID>
<ownerDesignName>EFT_S9_Miguel_Bozo</ownerDesignName>
<useDomainConstraints>false</useDomainConstraints>
<use>1</use>
<logicalDatatype>LOGDT007</logicalDatatype>
<ownDataTypeParameters>,,</ownDataTypeParameters>
<autoIncrementCycle>false</autoIncrementCycle>
</Column>
<Column name="Correo" id="B938E6F9-4683-C606-A755-121B59848CB1">
<createdBy>miguel</createdBy>
<createdTime>2024-10-07 02:00:02 UTC</createdTime>
<generatorID>3617C51E-F539-0FD2-97A2-BA993658D940</generatorID>
<ownerDesignName>EFT_S9_Miguel_Bozo</ownerDesignName>
<useDomainConstraints>false</useDomainConstraints>
<use>1</use>
<logicalDatatype>LOGDT024</logicalDatatype>
<dataTypeSize>50 BYTE</dataTypeSize>
<ownDataTypeParameters>50 BYTE,,</ownDataTypeParameters>
<autoIncrementCycle>false</autoIncrementCycle>
</Column>
<Column name="Academia_id_academia" id="B98D3771-8CA0-4169-648B-6E320F73895E">
<createdBy>miguel</createdBy>
<createdTime>2024-10-07 02:00:02 UTC</createdTime>
<generatorID>65CD1108-79C6-7ED2-AC63-8F040324C8BA</generatorID>
<ownerDesignName>EFT_S9_Miguel_Bozo</ownerDesignName>
<useDomainConstraints>false</useDomainConstraints>
<use>1</use>
<logicalDatatype>LOGDT019</logicalDatatype>
<dataTypePrecision>10</dataTypePrecision>
<ownDataTypeParameters>,,</ownDataTypeParameters>
<previousColumn>false</previousColumn>
<autoIncrementCycle>false</autoIncrementCycle>
<associations>
<colAssociation fkAssociation="69AD95AE-6257-1A52-EF8B-2C50B26F9D9C" referredColumn="4B2813E9-4AC4-3E39-0161-9B0AFF078F02"/>
</associations>
</Column>
<Column name="Proyecto_Concursable_id_proyecto" id="7248AE58-D310-F24D-6E2A-738786198D11">
<createdBy>miguel</createdBy>
<createdTime>2024-10-07 02:00:02 UTC</createdTime>
<generatorID>CBD263BB-175F-4F90-3300-87C3201F3866</generatorID>
<ownerDesignName>EFT_S9_Miguel_Bozo</ownerDesignName>
<useDomainConstraints>false</useDomainConstraints>
<use>1</use>
<logicalDatatype>LOGDT019</logicalDatatype>
<dataTypePrecision>10</dataTypePrecision>
<ownDataTypeParameters>,,</ownDataTypeParameters>
<previousColumn>false</previousColumn>
<autoIncrementCycle>false</autoIncrementCycle>
<associations>
<colAssociation fkAssociation="B872B7EC-5AB9-4994-3870-1275F6B8C3AC" referredColumn="C4FEE8D8-BC40-3159-DF92-9B14C43DC45A"/>
</associations>
</Column>
</columns>
<indexes itemClass="oracle.dbtools.crest.model.design.relational.Index">
<ind_PK_UK id="B95AA82E-2CC4-ACE7-4FF3-54E6122CB6C6" name="Formulario_PK">
<createdBy>miguel</createdBy>
<createdTime>2024-10-07 02:00:02 UTC</createdTime>
<generatorID>5F39140D-1AB2-9256-AEC5-B6F08E1573C9</generatorID>
<ownerDesignName>EFT_S9_Miguel_Bozo</ownerDesignName>
<pk>true</pk>
<indexState>Primary Constraint</indexState>
<isSurrogateKey>false</isSurrogateKey>
<indexColumnUsage>
<colUsage columnID="D96F7A56-8DA2-179A-9CF4-5B2E190D69C1"/>
<colUsage columnID="B98D3771-8CA0-4169-648B-6E320F73895E"/>
</indexColumnUsage>
</ind_PK_UK>
<ind_PK_UK id="C9E48122-2CA1-0C98-4897-94C0EDBAA694" name="Formulario__IDX">
<createdBy>miguel</createdBy>
<createdTime>2024-10-07 02:00:02 UTC</createdTime>
<ownerDesignName>EFT_S9_Miguel_Bozo</ownerDesignName>
<indexState>Unique Plain Index</indexState>
<isSurrogateKey>false</isSurrogateKey>
<relationGeneratorID>8F25937B-CA0E-1848-2CEB-45F66DD54DDD</relationGeneratorID>
<indexColumnUsage>
<colUsage columnID="7248AE58-D310-F24D-6E2A-738786198D11"/>
</indexColumnUsage>
</ind_PK_UK>
<ind_PK_UK id="D0A43AC0-F35B-DFE1-4BE3-FD8CC6191C64" name="Formulario_Academia_FK">
<createdBy>miguel</createdBy>
<createdTime>2024-10-07 02:00:02 UTC</createdTime>
<generatorID>B7E66FE8-E834-A1AA-9444-DDF44EA995F9</generatorID>
<ownerDesignName>EFT_S9_Miguel_Bozo</ownerDesignName>
<indexState>Foreign Key</indexState>
<isSurrogateKey>false</isSurrogateKey>
<indexColumnUsage>
<colUsage columnID="B98D3771-8CA0-4169-648B-6E320F73895E"/>
</indexColumnUsage>
</ind_PK_UK>
<ind_PK_UK id="E3A59508-0448-4EB4-C7CC-8C512E275711" name="Formulario_Proyecto_Concursable_FK">
<createdBy>miguel</createdBy>
<createdTime>2024-10-07 02:00:02 UTC</createdTime>
<generatorID>8F25937B-CA0E-1848-2CEB-45F66DD54DDD</generatorID>
<ownerDesignName>EFT_S9_Miguel_Bozo</ownerDesignName>
<indexState>Foreign Key</indexState>
<isSurrogateKey>false</isSurrogateKey>
<indexColumnUsage>
<colUsage columnID="7248AE58-D310-F24D-6E2A-738786198D11"/>
</indexColumnUsage>
</ind_PK_UK>
</indexes>
</Table>