<?xml version = '1.0' encoding = 'UTF-8'?>
<DatamodelerPersistedDDLSelection designName="EFT_S9_Miguel_Bozo" objectID="579776BF-E4DC-1C98-74CA-F50F6EE7C36B">
   <IncludeComments isSelected="false"/>
   <applyNameSubstitution isSelected="false"/>
   <generateDDLInFiles isSelected="false"/>
   <generateRESTServices isSelected="false"/>
   <activeScriptSetCBIndex selectedIndex="1"/>
   <oracle.dbtools.crest.model.design.relational.RelationalDesign objectID="3FDECFF5-FAE0-BD3B-5C13-15D8544EA903">
      <object objectID="CBA85CDA-3DC2-3AD8-9386-B40BBBCE5204" markedGenerate="true"/>
      <object objectID="74C6523A-5DEE-A849-BCF3-51B0F311CAF1" markedGenerate="true"/>
      <object objectID="49E0949D-A8C8-FEA7-C37D-9F5AEB64613B" markedGenerate="true"/>
      <object objectID="1B312D5D-FA9D-7A48-E86F-4CF70CD5F41F" markedGenerate="true"/>
      <object objectID="9631AE3B-D31D-3C41-65B8-3F08C8F18B13" markedGenerate="true"/>
      <object objectID="FF9090FD-4648-4761-2722-7E95ADCFEEE6" markedGenerate="true"/>
      <object objectID="5D1BD52B-2C11-D32C-ED3E-7F370D24BC24" markedGenerate="true"/>
      <object objectID="2E0BAB24-CB32-9496-7370-14C121C822A2" markedGenerate="true"/>
      <object objectID="43940059-C33B-BD0E-BD64-21E9BB3372A4" markedGenerate="true"/>
      <object objectID="CDF59ADE-464F-3AEE-8586-1D2248A1D4E4" markedGenerate="true"/>
      <object objectID="53FA1374-EFFE-C229-DB49-EAFCC759B50F" markedGenerate="true"/>
      <object objectID="065102FD-E880-8129-87FB-B79C8FE3FD62" markedGenerate="true"/>
      <object objectID="B7B9B7FE-8EBF-5A6F-C99B-3A4559215B4C" markedGenerate="true"/>
      <object objectID="4DE989CF-A572-00A3-09AB-1568875CD171" markedGenerate="true"/>
      <object objectID="36073500-E1AD-DDC6-038C-5697A2B19C50" markedGenerate="true"/>
      <object objectID="A6986309-D444-2361-777A-E5D0872C1A1B" markedGenerate="true"/>
      <object objectID="02986A2D-5DFE-2B17-88DF-110736ABD74B" markedGenerate="true"/>
      <object objectID="500CA8A5-5F25-F45D-4001-AD72621D7E68" markedGenerate="true"/>
      <object objectID="DCF8DD48-00F3-9EF0-3C68-CE4D3FC7BA65" markedGenerate="true"/>
      <object objectID="B95AA82E-2CC4-ACE7-4FF3-54E6122CB6C6" markedGenerate="true"/>
      <object objectID="243924D1-AB1E-6D48-B896-0F490B11B4C4" markedGenerate="true"/>
      <object objectID="62B597EF-B860-FD2A-B441-8F70562EB98D" markedGenerate="true"/>
      <object objectID="D19A8897-1958-84EB-8F50-CE942FFC1AD5" markedGenerate="true"/>
      <object objectID="DA2B49CF-F53B-FE8B-DCBC-90B6529D0594" markedGenerate="true"/>
      <object objectID="78B60CB1-479A-ACFD-1E2A-2646CC43A892" markedGenerate="true"/>
      <object objectID="818A6398-939D-200A-A0F9-F6CADDC0C1CA" markedGenerate="true"/>
      <object objectID="F3A0D7D3-0590-7F22-A5D8-2A15DAA8AF86" markedGenerate="true"/>
      <object objectID="4D2DF2DF-1D36-9D84-F912-CFDD6FE31373" markedGenerate="true"/>
      <object objectID="C7EABA5C-0E4C-9FD1-0B73-95202AAD310A" markedGenerate="true"/>
      <object objectID="454CEBE2-5CAB-C5D9-6221-22769B6C1066" markedGenerate="true"/>
      <object objectID="D0A43AC0-F35B-DFE1-4BE3-FD8CC6191C64" markedGenerate="true"/>
      <object objectID="E3A59508-0448-4EB4-C7CC-8C512E275711" markedGenerate="true"/>
      <object objectID="21E67B88-E7C6-3EAE-7B5D-3EBA82F79B72" markedGenerate="true"/>
      <object objectID="853EC880-1961-6A49-CB3B-A71D252D781D" markedGenerate="true"/>
      <object objectID="02B2E0A4-1CA0-366D-733D-C36223CFD2C2" markedGenerate="true"/>
      <object objectID="1EF7BADE-4AD4-CB1E-3CC1-25F1DD2B1C80" markedGenerate="true"/>
      <object objectID="8CC71B1C-7E23-5837-C3B7-032092EC07E7" markedGenerate="true"/>
      <object objectID="F75840A8-E9A0-DE68-CAC7-A510ACECA529" markedGenerate="true"/>
      <object objectID="47E390DE-0671-C4B1-8428-0F45CBEE18F8" markedGenerate="true"/>
      <object objectID="F72C39E0-D1CA-8821-2AD7-A1E95A37D3D1" markedGenerate="true"/>
   </oracle.dbtools.crest.model.design.relational.RelationalDesign>
   <includeTableScripts/>
   <namesSubstitution/>
   <objectTypes>
      <objectType isSelected="false" type="Index"/>
      <objectType isSelected="false" type="Role"/>
      <objectType isSelected="false" type="Table"/>
      <objectType isSelected="false" type="Tablespace"/>
      <objectType isSelected="false" type="User"/>
   </objectTypes>
   <OSDDM_DDLPP>
      <db2_term_char db2_term_char=" "/>
      <type_subst_triggers isSelected="true"/>
      <fkarct_triggers isSelected="true"/>
      <fk_none_transferable_triggers isSelected="true"/>
      <show_char_byte_in_ddl isSelected="true"/>
      <extended_size_for_chars isSelected="false"/>
      <not_null_short_form_generation isSelected="false"/>
      <use_quoted_identifiers isSelected="false"/>
      <create_domains_during_import isSelected="true"/>
      <generate_comments_in_rdbms isSelected="true"/>
      <generate_inline_column_cc isSelected="false"/>
      <generate_valid_value_cc isSelected="true"/>
      <include_default_settings_in_ddl isSelected="false"/>
      <include_logging_in_ddl isSelected="true"/>
      <include_schema_in_ddl isSelected="true"/>
      <include_storage_in_ddl isSelected="true"/>
      <include_tablespace_in_ddl isSelected="true"/>
      <automatic_pk_generation isSelected="false"/>
      <automatic_uk_generation isSelected="false"/>
      <automatic_fk_generation isSelected="false"/>
      <include_pctfree_in_ddl isSelected="true"/>
      <include_pctused_in_ddl isSelected="true"/>
      <include_initrans_in_ddl isSelected="true"/>
      <include_initialextent_in_ddl isSelected="true"/>
      <include_nextextent_in_ddl isSelected="true"/>
      <include_minextents_in_ddl isSelected="true"/>
      <include_maxextents_in_ddl isSelected="true"/>
      <include_pctincrease_in_ddl isSelected="true"/>
      <include_bufferpool_in_ddl isSelected="true"/>
      <include_freelists_in_ddl isSelected="true"/>
      <include_freelistgroups_in_ddl isSelected="true"/>
      <include_optimal_in_ddl isSelected="true"/>
   </OSDDM_DDLPP>
   <dropSelection>
      <dropGeneratedObjectsOnly isSelected="true"/>
      <useDropDependencies isSelected="true"/>
      <dropableObject name="Tablas" isSelected="false"/>
      <dropableObject name="Índices" isSelected="false"/>
      <dropableObject name="Vistas" isSelected="false"/>
      <dropableObject name="Claves Ajenas" isSelected="false"/>
   </dropSelection>
</DatamodelerPersistedDDLSelection>
