<?xml version = '1.0' encoding = 'UTF-8'?>
<Arc class="oracle.dbtools.crest.model.design.logical.Arc" directorySegmentName="seg_0" id="C7629CFA-5397-C27D-1F09-352E07C32969" name="Arc_1">
<createdBy>miguel</createdBy>
<createdTime>2024-09-17 02:45:57 UTC</createdTime>
<ownerDesignName>exp2_S6_Miguel_Bozo</ownerDesignName>
<engineerTo>
<item key="881601A3-29A2-C5A9-AEA7-0880FF60A02F" value="true"/>
</engineerTo>
<entity>4B47982B-29EE-5B26-67A5-054FAF42D29A</entity>
<relations>
<relationID>18917F36-9A90-0D58-35E2-27C4C9D0033C</relationID>
<relationID>E75F5062-DACA-2AF9-82F9-2D7D3CF3F299</relationID>
</relations>
</Arc>