<?xml version = '1.0' encoding = 'UTF-8'?>
<Diagram class="oracle.dbtools.crest.swingui.relational.DPVRelational" name="Relational_1" id="E2D9BEAC-8119-D71D-9D3E-F68FEDA6512A">
<createdBy>nicolas</createdBy>
<modifiedBy>nicolas</modifiedBy>
<createdTime>2024-08-31 04:56:39 UTC</createdTime>
<autoRoute>false</autoRoute>
<boxInbox>true</boxInbox>
<showLegend>false</showLegend>
<showLabels>false</showLabels>
<showRelAttributes>false</showRelAttributes>
<gridEnabled>false</gridEnabled>
<showGrid>false</showGrid>
<diagramColor>-1</diagramColor>
<display>false</display>
<notation>1</notation>
<objectViews>
<OView class="oracle.dbtools.crest.swingui.relational.TVTable" oid="248A1794-C32C-A7A3-BE80-F78023B4DAE2" otype="Table" vid="9EDD2FF5-FD94-15BE-6E56-2AF98CBC29AC">
<hideElementsInCurrentOnly>false</hideElementsInCurrentOnly>
<bounds x="580" y="550" width="251" height="110"/>
</OView>
<OView class="oracle.dbtools.crest.swingui.relational.TVTable" oid="2C2C85F3-E164-985C-9C24-F65A960938CF" otype="Table" vid="EF2A4A41-E45D-32DB-42D1-8130982F35B2">
<hideElementsInCurrentOnly>false</hideElementsInCurrentOnly>
<bounds x="580" y="100" width="251" height="131"/>
</OView>
<OView class="oracle.dbtools.crest.swingui.relational.TVTable" oid="4EC891AC-F13C-0826-2EA7-A08A23F49B5D" otype="Table" vid="32846332-8E4B-4D58-64B3-B9C16F4DC2F7">
<hideElementsInCurrentOnly>false</hideElementsInCurrentOnly>
<bounds x="970" y="330" width="251" height="110"/>
</OView>
<OView class="oracle.dbtools.crest.swingui.relational.TVTable" oid="64DD2E00-BC55-E67A-4E2B-B6A9A0418D24" otype="Table" vid="1008A511-E207-8BC7-BDD1-24574132C7A3">
<hideElementsInCurrentOnly>false</hideElementsInCurrentOnly>
<bounds x="580" y="330" width="251" height="131"/>
</OView>
<OView class="oracle.dbtools.crest.swingui.relational.TVTable" oid="93376CF3-C63A-043C-2D89-7697F8C35D22" otype="Table" vid="7DDA7D03-B2E8-E427-1C5C-E80D946E9619">
<hideElementsInCurrentOnly>false</hideElementsInCurrentOnly>
<bounds x="970" y="100" width="251" height="131"/>
</OView>
<OView class="oracle.dbtools.crest.swingui.relational.TVTable" oid="AA2468BA-BF6C-19E7-45ED-4F7F03796196" otype="Table" vid="28DB3709-BF86-C6B5-DC63-7B83BBFA22A4">
<hideElementsInCurrentOnly>false</hideElementsInCurrentOnly>
<bounds x="180" y="550" width="251" height="110"/>
</OView>
<OView class="oracle.dbtools.crest.swingui.relational.TVTable" oid="F9EC3FE2-D1F7-7DF7-BE8B-C9788D3CCA38" otype="Table" vid="4D82FD67-E639-E0DD-1CC0-ECFBF4AD807E">
<hideElementsInCurrentOnly>false</hideElementsInCurrentOnly>
<bounds x="180" y="330" width="251" height="110"/>
</OView>
<OView class="oracle.dbtools.crest.swingui.relational.TVTable" oid="FBAEE6B9-AF15-3F74-200D-3186182076F0" otype="Table" vid="3B70E161-F061-B310-CEE9-5F898AA8F3B2">
<hideElementsInCurrentOnly>false</hideElementsInCurrentOnly>
<bounds x="180" y="100" width="251" height="169"/>
</OView>
</objectViews>
<connectors>
<Connector class="oracle.dbtools.crest.swingui.relational.TVFKRelation" oid="078863CA-C07B-24A0-47CE-D4BBB80951BA" otype="FKIndexAssociation" vid_source="3B70E161-F061-B310-CEE9-5F898AA8F3B2" vid_target="EF2A4A41-E45D-32DB-42D1-8130982F35B2">
<hideElementsInCurrentOnly>false</hideElementsInCurrentOnly>
<backgroundColor>-16777216</backgroundColor>
<lineWidth>1</lineWidth>
<points>
<point x="431" y="165"/>
<point x="580" y="165"/>
</points>
</Connector>
<Connector class="oracle.dbtools.crest.swingui.relational.TVFKRelation" oid="21EA523D-E697-84E0-CC91-7933AB896612" otype="FKIndexAssociation" vid_source="EF2A4A41-E45D-32DB-42D1-8130982F35B2" vid_target="1008A511-E207-8BC7-BDD1-24574132C7A3">
<hideElementsInCurrentOnly>false</hideElementsInCurrentOnly>
<backgroundColor>-16777216</backgroundColor>
<lineWidth>1</lineWidth>
<points>
<point x="705" y="231"/>
<point x="705" y="330"/>
</points>
</Connector>
<Connector class="oracle.dbtools.crest.swingui.relational.TVFKRelation" oid="25DEFDE7-9EE1-08AF-8D78-A3454FE60B75" otype="FKIndexAssociation" vid_source="1008A511-E207-8BC7-BDD1-24574132C7A3" vid_target="9EDD2FF5-FD94-15BE-6E56-2AF98CBC29AC">
<hideElementsInCurrentOnly>false</hideElementsInCurrentOnly>
<backgroundColor>-16777216</backgroundColor>
<lineWidth>1</lineWidth>
<points>
<point x="705" y="461"/>
<point x="705" y="550"/>
</points>
</Connector>
<Connector class="oracle.dbtools.crest.swingui.relational.TVFKRelation" oid="2A5BD2FE-F4E1-F420-FD87-39EC831BA9CC" otype="FKIndexAssociation" vid_source="4D82FD67-E639-E0DD-1CC0-ECFBF4AD807E" vid_target="1008A511-E207-8BC7-BDD1-24574132C7A3">
<hideElementsInCurrentOnly>false</hideElementsInCurrentOnly>
<backgroundColor>-16777216</backgroundColor>
<lineWidth>1</lineWidth>
<points>
<point x="431" y="385"/>
<point x="580" y="385"/>
</points>
</Connector>
<Connector class="oracle.dbtools.crest.swingui.relational.TVFKRelation" oid="5A296D46-BFAB-B8D4-A535-A23C95B274DA" otype="FKIndexAssociation" vid_source="7DDA7D03-B2E8-E427-1C5C-E80D946E9619" vid_target="EF2A4A41-E45D-32DB-42D1-8130982F35B2">
<hideElementsInCurrentOnly>false</hideElementsInCurrentOnly>
<backgroundColor>-16777216</backgroundColor>
<lineWidth>1</lineWidth>
<points>
<point x="970" y="165"/>
<point x="831" y="165"/>
</points>
</Connector>
<Connector class="oracle.dbtools.crest.swingui.relational.TVFKRelation" oid="5F37940C-4866-E4CC-B7DE-FA918CCB9FA9" otype="FKIndexAssociation" vid_source="9EDD2FF5-FD94-15BE-6E56-2AF98CBC29AC" vid_target="28DB3709-BF86-C6B5-DC63-7B83BBFA22A4">
<hideElementsInCurrentOnly>false</hideElementsInCurrentOnly>
<backgroundColor>-16777216</backgroundColor>
<lineWidth>1</lineWidth>
<points>
<point x="580" y="605"/>
<point x="431" y="605"/>
</points>
</Connector>
<Connector class="oracle.dbtools.crest.swingui.relational.TVFKRelation" oid="7DA7C2C8-ABF5-B4F0-FCB9-2E2BF82CEA51" otype="FKIndexAssociation" vid_source="9EDD2FF5-FD94-15BE-6E56-2AF98CBC29AC" vid_target="1008A511-E207-8BC7-BDD1-24574132C7A3">
<hideElementsInCurrentOnly>false</hideElementsInCurrentOnly>
<backgroundColor>-16777216</backgroundColor>
<lineWidth>1</lineWidth>
<points>
<point x="705" y="550"/>
<point x="705" y="461"/>
</points>
</Connector>
<Connector class="oracle.dbtools.crest.swingui.relational.TVFKRelation" oid="CFDFB3F5-D29E-0B97-7295-7103824B3A12" otype="FKIndexAssociation" vid_source="1008A511-E207-8BC7-BDD1-24574132C7A3" vid_target="4D82FD67-E639-E0DD-1CC0-ECFBF4AD807E">
<hideElementsInCurrentOnly>false</hideElementsInCurrentOnly>
<backgroundColor>-16777216</backgroundColor>
<lineWidth>1</lineWidth>
<points>
<point x="580" y="385"/>
<point x="431" y="385"/>
</points>
</Connector>
<Connector class="oracle.dbtools.crest.swingui.relational.TVFKRelation" oid="F9CE72AD-35E5-3A41-3D48-4FB1308E5598" otype="FKIndexAssociation" vid_source="1008A511-E207-8BC7-BDD1-24574132C7A3" vid_target="EF2A4A41-E45D-32DB-42D1-8130982F35B2">
<hideElementsInCurrentOnly>false</hideElementsInCurrentOnly>
<backgroundColor>-16777216</backgroundColor>
<lineWidth>1</lineWidth>
<points>
<point x="705" y="330"/>
<point x="705" y="231"/>
</points>
</Connector>
<Connector class="oracle.dbtools.crest.swingui.relational.TVFKRelation" oid="FEAB6785-64DD-5A36-80E9-40AAD7F13B6B" otype="FKIndexAssociation" vid_source="1008A511-E207-8BC7-BDD1-24574132C7A3" vid_target="32846332-8E4B-4D58-64B3-B9C16F4DC2F7">
<hideElementsInCurrentOnly>false</hideElementsInCurrentOnly>
<backgroundColor>-16777216</backgroundColor>
<lineWidth>1</lineWidth>
<points>
<point x="831" y="385"/>
<point x="970" y="385"/>
</points>
</Connector>
</connectors>
</Diagram>