<?xml version = '1.0' encoding = 'UTF-8'?>
<Table class="oracle.dbtools.crest.model.design.relational.Table" directorySegmentName="seg_0" id="248A1794-C32C-A7A3-BE80-F78023B4DAE2" name="SEGUIMIENTO">
<createdBy>miguel</createdBy>
<createdTime>2024-09-08 20:05:56 UTC</createdTime>
<generatorID>F7A719B0-066A-CABD-0E67-117A41B94215</generatorID>
<ownerDesignName>Exp2_S6_Miguel_Bozo</ownerDesignName>
<allowColumnReorder>false</allowColumnReorder>
<existDependencyGenerateInDDl>true</existDependencyGenerateInDDl>
<parsed>true</parsed>
<columns itemClass="oracle.dbtools.crest.model.design.relational.Column">
<Column name="codigo_seguimiento" id="0443B76E-AA95-2DAE-763B-ADAF2A0C6E1E">
<createdBy>miguel</createdBy>
<createdTime>2024-09-08 20:05:56 UTC</createdTime>
<generatorID>666261D3-FA95-2AA7-0A25-82D4C15983C1</generatorID>
<ownerDesignName>Exp2_S6_Miguel_Bozo</ownerDesignName>
<useDomainConstraints>false</useDomainConstraints>
<use>1</use>
<logicalDatatype>LOGDT024</logicalDatatype>
<dataTypeSize>20</dataTypeSize>
<ownDataTypeParameters>20,,</ownDataTypeParameters>
<autoIncrementCycle>false</autoIncrementCycle>
</Column>
<Column name="fecha_actualizacion" id="AEF32D7B-2FA1-3930-A1D6-86126E1F8839">
<createdBy>miguel</createdBy>
<createdTime>2024-09-08 20:05:56 UTC</createdTime>
<generatorID>CB072F92-7715-4F71-70EC-D0400B8659A5</generatorID>
<ownerDesignName>Exp2_S6_Miguel_Bozo</ownerDesignName>
<useDomainConstraints>false</useDomainConstraints>
<use>1</use>
<logicalDatatype>LOGDT007</logicalDatatype>
<ownDataTypeParameters>,,</ownDataTypeParameters>
<autoIncrementCycle>false</autoIncrementCycle>
</Column>
<Column name="SERVICIO_codigo_servicio" id="212E8904-88B8-DAC3-E649-53D130740807">
<createdBy>miguel</createdBy>
<createdTime>2024-09-08 20:05:56 UTC</createdTime>
<generatorID>4855BC2F-B76B-FEFA-40B1-AF97F9BDE47A</generatorID>
<ownerDesignName>Exp2_S6_Miguel_Bozo</ownerDesignName>
<useDomainConstraints>false</useDomainConstraints>
<use>1</use>
<logicalDatatype>LOGDT024</logicalDatatype>
<dataTypeSize>20</dataTypeSize>
<ownDataTypeParameters>20,,</ownDataTypeParameters>
<previousColumn>false</previousColumn>
<autoIncrementCycle>false</autoIncrementCycle>
<associations>
<colAssociation fkAssociation="25DEFDE7-9EE1-08AF-8D78-A3454FE60B75" referredColumn="03CC647F-F028-1A31-47BF-DBE5AE225869"/>
</associations>
</Column>
</columns>
<indexes itemClass="oracle.dbtools.crest.model.design.relational.Index">
<ind_PK_UK id="E2C1754C-9CDC-4A65-0421-774E77CDDFE6" name="SEGUIMIENTO_PK">
<createdBy>miguel</createdBy>
<createdTime>2024-09-08 20:05:56 UTC</createdTime>
<generatorID>24E0FB13-9511-89D4-C3BE-198CF179E5A6</generatorID>
<ownerDesignName>Exp2_S6_Miguel_Bozo</ownerDesignName>
<pk>true</pk>
<indexState>Primary Constraint</indexState>
<isSurrogateKey>false</isSurrogateKey>
<indexColumnUsage>
<colUsage columnID="0443B76E-AA95-2DAE-763B-ADAF2A0C6E1E"/>
</indexColumnUsage>
</ind_PK_UK>
<ind_PK_UK id="07EBAB7F-FE22-ECCF-171C-B184AEF4D454" name="SEGUIMIENTO__IDX">
<createdBy>miguel</createdBy>
<createdTime>2024-09-08 20:05:56 UTC</createdTime>
<ownerDesignName>Exp2_S6_Miguel_Bozo</ownerDesignName>
<indexState>Unique Plain Index</indexState>
<isSurrogateKey>false</isSurrogateKey>
<relationGeneratorID>E75F5062-DACA-2AF9-82F9-2D7D3CF3F299</relationGeneratorID>
<indexColumnUsage>
<colUsage columnID="212E8904-88B8-DAC3-E649-53D130740807"/>
</indexColumnUsage>
</ind_PK_UK>
<ind_PK_UK id="4569C551-89EF-9134-B968-A5FA945498B0" name="SEGUIMIENTO_SERVICIO_FK">
<createdBy>miguel</createdBy>
<createdTime>2024-09-08 20:05:56 UTC</createdTime>
<generatorID>E75F5062-DACA-2AF9-82F9-2D7D3CF3F299</generatorID>
<ownerDesignName>Exp2_S6_Miguel_Bozo</ownerDesignName>
<indexState>Foreign Key</indexState>
<isSurrogateKey>false</isSurrogateKey>
<indexColumnUsage>
<colUsage columnID="212E8904-88B8-DAC3-E649-53D130740807"/>
</indexColumnUsage>
</ind_PK_UK>
</indexes>
</Table>