<?xml version = '1.0' encoding = 'UTF-8'?>
<Table class="oracle.dbtools.crest.model.design.relational.Table" directorySegmentName="seg_0" id="2C2C85F3-E164-985C-9C24-F65A960938CF" name="ORDEN_SERVICIO">
<createdBy>miguel</createdBy>
<createdTime>2024-09-08 20:05:56 UTC</createdTime>
<generatorID>4C2878E7-7298-4746-80A4-A76D0E41E2F2</generatorID>
<ownerDesignName>Exp2_S6_Miguel_Bozo</ownerDesignName>
<allowColumnReorder>false</allowColumnReorder>
<existDependencyGenerateInDDl>true</existDependencyGenerateInDDl>
<parsed>true</parsed>
<columns itemClass="oracle.dbtools.crest.model.design.relational.Column">
<Column name="codigo_orden" id="051F9E9A-884E-5FD9-6FB4-98EC9A95BB45">
<createdBy>miguel</createdBy>
<createdTime>2024-09-08 20:05:56 UTC</createdTime>
<generatorID>2DB784FC-167D-F77D-183A-0FA283AF740E</generatorID>
<ownerDesignName>Exp2_S6_Miguel_Bozo</ownerDesignName>
<useDomainConstraints>false</useDomainConstraints>
<use>1</use>
<logicalDatatype>LOGDT024</logicalDatatype>
<dataTypeSize>20</dataTypeSize>
<ownDataTypeParameters>20,,</ownDataTypeParameters>
<autoIncrementCycle>false</autoIncrementCycle>
</Column>
<Column name="fecha_ingreso" id="6AD2438D-65D2-FB89-EA6F-F8FAA4756905">
<createdBy>miguel</createdBy>
<createdTime>2024-09-08 20:05:56 UTC</createdTime>
<generatorID>830BF3EB-AE83-5A4B-4BEF-5B1A70BBB11E</generatorID>
<ownerDesignName>Exp2_S6_Miguel_Bozo</ownerDesignName>
<useDomainConstraints>false</useDomainConstraints>
<use>1</use>
<logicalDatatype>LOGDT007</logicalDatatype>
<ownDataTypeParameters>,,</ownDataTypeParameters>
<autoIncrementCycle>false</autoIncrementCycle>
</Column>
<Column name="VEHICULO_patente" id="F6D4511C-994B-12E6-8AFC-957B5076CD75">
<createdBy>miguel</createdBy>
<createdTime>2024-09-08 20:05:56 UTC</createdTime>
<generatorID>B50FBC47-3C89-C9DD-3433-27486D536313</generatorID>
<ownerDesignName>Exp2_S6_Miguel_Bozo</ownerDesignName>
<useDomainConstraints>false</useDomainConstraints>
<use>1</use>
<logicalDatatype>LOGDT025</logicalDatatype>
<dataTypeSize>6</dataTypeSize>
<ownDataTypeParameters>6,,</ownDataTypeParameters>
<previousColumn>false</previousColumn>
<autoIncrementCycle>false</autoIncrementCycle>
<associations>
<colAssociation fkAssociation="5A296D46-BFAB-B8D4-A535-A23C95B274DA" referredColumn="1AF4C796-5CF9-8512-6567-4B6674364A71"/>
</associations>
</Column>
<Column name="SERVICIO_codigo_servicio" id="EB52CAE5-D33D-D8BC-5C16-D3BD346D24F0">
<createdBy>miguel</createdBy>
<createdTime>2024-09-08 20:05:56 UTC</createdTime>
<generatorID>877FD694-0377-78C4-8251-9C64DCBB385F</generatorID>
<ownerDesignName>Exp2_S6_Miguel_Bozo</ownerDesignName>
<useDomainConstraints>false</useDomainConstraints>
<use>1</use>
<logicalDatatype>LOGDT024</logicalDatatype>
<dataTypeSize>20</dataTypeSize>
<ownDataTypeParameters>20,,</ownDataTypeParameters>
<previousColumn>false</previousColumn>
<autoIncrementCycle>false</autoIncrementCycle>
<associations>
<colAssociation fkAssociation="F9CE72AD-35E5-3A41-3D48-4FB1308E5598" referredColumn="03CC647F-F028-1A31-47BF-DBE5AE225869"/>
</associations>
</Column>
<Column name="CLIENTE_CLIENTE_ID" id="7B957DDD-A8C2-22F7-F5BB-A866A46249EE">
<createdBy>miguel</createdBy>
<createdTime>2024-09-08 20:05:56 UTC</createdTime>
<ownerDesignName>Exp2_S6_Miguel_Bozo</ownerDesignName>
<useDomainConstraints>false</useDomainConstraints>
<use>1</use>
<logicalDatatype>LOGDT019</logicalDatatype>
<ownDataTypeParameters>,,</ownDataTypeParameters>
<previousColumn>false</previousColumn>
<autoIncrementCycle>false</autoIncrementCycle>
<associations>
<colAssociation fkAssociation="078863CA-C07B-24A0-47CE-D4BBB80951BA" referredColumn="874FBB35-C2F9-B7E1-2979-1E96E19F981C"/>
</associations>
</Column>
</columns>
<indexes itemClass="oracle.dbtools.crest.model.design.relational.Index">
<ind_PK_UK id="62124D80-DA03-2E46-8AD8-38CA6DCDAAAA" name="ORDEN_SERVICIO_PK">
<createdBy>miguel</createdBy>
<createdTime>2024-09-08 20:05:56 UTC</createdTime>
<generatorID>D164A3EF-E9CE-77F0-10F4-E6C813FD5673</generatorID>
<ownerDesignName>Exp2_S6_Miguel_Bozo</ownerDesignName>
<pk>true</pk>
<indexState>Primary Constraint</indexState>
<isSurrogateKey>false</isSurrogateKey>
<indexColumnUsage>
<colUsage columnID="051F9E9A-884E-5FD9-6FB4-98EC9A95BB45"/>
</indexColumnUsage>
</ind_PK_UK>
<ind_PK_UK id="DC654E17-29FF-5AD3-66B0-5FCBFCB7E872" name="ORDEN_SERVICIO__IDX">
<createdBy>miguel</createdBy>
<createdTime>2024-09-08 20:05:56 UTC</createdTime>
<ownerDesignName>Exp2_S6_Miguel_Bozo</ownerDesignName>
<indexState>Unique Plain Index</indexState>
<isSurrogateKey>false</isSurrogateKey>
<relationGeneratorID>55E7F243-6A97-5634-DD83-F096BE7E7632</relationGeneratorID>
<indexColumnUsage>
<colUsage columnID="EB52CAE5-D33D-D8BC-5C16-D3BD346D24F0"/>
</indexColumnUsage>
</ind_PK_UK>
<ind_PK_UK id="A7CA63EF-6170-6E49-A70F-FA497ADEBC84" name="ORDEN_SERVICIO_CLIENTE_FK">
<createdBy>miguel</createdBy>
<createdTime>2024-09-08 20:05:56 UTC</createdTime>
<generatorID>2FE3C39E-19B8-94CF-5409-AFA1B95A4114</generatorID>
<ownerDesignName>Exp2_S6_Miguel_Bozo</ownerDesignName>
<indexState>Foreign Key</indexState>
<isSurrogateKey>false</isSurrogateKey>
<indexColumnUsage>
<colUsage columnID="7B957DDD-A8C2-22F7-F5BB-A866A46249EE"/>
</indexColumnUsage>
</ind_PK_UK>
<ind_PK_UK id="7AE21766-6121-92FB-5FFF-B6B40B6CAD01" name="ORDEN_SERVICIO_VEHICULO_FK">
<createdBy>miguel</createdBy>
<createdTime>2024-09-08 20:05:56 UTC</createdTime>
<generatorID>BA812CC5-09B6-5B95-1A84-38A472FDD859</generatorID>
<ownerDesignName>Exp2_S6_Miguel_Bozo</ownerDesignName>
<indexState>Foreign Key</indexState>
<isSurrogateKey>false</isSurrogateKey>
<indexColumnUsage>
<colUsage columnID="F6D4511C-994B-12E6-8AFC-957B5076CD75"/>
</indexColumnUsage>
</ind_PK_UK>
<ind_PK_UK id="B2BF36AD-24AD-723B-199E-9C5215A58DCA" name="ORDEN_SERVICIO_SERVICIO_FK">
<createdBy>miguel</createdBy>
<createdTime>2024-09-08 20:05:56 UTC</createdTime>
<generatorID>55E7F243-6A97-5634-DD83-F096BE7E7632</generatorID>
<ownerDesignName>Exp2_S6_Miguel_Bozo</ownerDesignName>
<indexState>Foreign Key</indexState>
<isSurrogateKey>false</isSurrogateKey>
<indexColumnUsage>
<colUsage columnID="EB52CAE5-D33D-D8BC-5C16-D3BD346D24F0"/>
</indexColumnUsage>
</ind_PK_UK>
</indexes>
</Table>