<?xml version = '1.0' encoding = 'UTF-8'?>
<Table class="oracle.dbtools.crest.model.design.relational.Table" directorySegmentName="seg_0" id="4EC891AC-F13C-0826-2EA7-A08A23F49B5D" name="REPUESTO">
<createdBy>miguel</createdBy>
<createdTime>2024-09-08 20:05:56 UTC</createdTime>
<generatorID>EB09A0EA-B555-00D4-8A82-C24FE92275F0</generatorID>
<ownerDesignName>Exp2_S6_Miguel_Bozo</ownerDesignName>
<allowColumnReorder>false</allowColumnReorder>
<existDependencyGenerateInDDl>true</existDependencyGenerateInDDl>
<parsed>true</parsed>
<columns itemClass="oracle.dbtools.crest.model.design.relational.Column">
<Column name="codigo_repuesto" id="54F14595-606F-962D-1010-8C3313DBE7BC">
<createdBy>miguel</createdBy>
<createdTime>2024-09-08 20:05:56 UTC</createdTime>
<generatorID>FA5F01F4-3C0F-F707-9C2B-B165E1C1F92E</generatorID>
<ownerDesignName>Exp2_S6_Miguel_Bozo</ownerDesignName>
<useDomainConstraints>false</useDomainConstraints>
<use>1</use>
<logicalDatatype>LOGDT024</logicalDatatype>
<dataTypeSize>20</dataTypeSize>
<ownDataTypeParameters>20,,</ownDataTypeParameters>
<autoIncrementCycle>false</autoIncrementCycle>
</Column>
<Column name="nombre_repuesto" id="1E0B464E-708C-03B6-89A9-F9286625A210">
<createdBy>miguel</createdBy>
<createdTime>2024-09-08 20:05:56 UTC</createdTime>
<generatorID>F4740BAB-C1E9-69A8-B344-9444C0CB1A55</generatorID>
<ownerDesignName>Exp2_S6_Miguel_Bozo</ownerDesignName>
<useDomainConstraints>false</useDomainConstraints>
<use>1</use>
<logicalDatatype>LOGDT024</logicalDatatype>
<dataTypeSize>30</dataTypeSize>
<ownDataTypeParameters>30,,</ownDataTypeParameters>
<autoIncrementCycle>false</autoIncrementCycle>
</Column>
<Column name="cantidad" id="E01A3236-8739-65CA-1B89-D8E08237E7EB">
<createdBy>miguel</createdBy>
<createdTime>2024-09-08 20:05:56 UTC</createdTime>
<generatorID>E031FDDC-FC13-C698-1B94-B2B99DDCEA7C</generatorID>
<ownerDesignName>Exp2_S6_Miguel_Bozo</ownerDesignName>
<useDomainConstraints>false</useDomainConstraints>
<use>1</use>
<logicalDatatype>LOGDT019</logicalDatatype>
<dataTypePrecision>2</dataTypePrecision>
<ownDataTypeParameters>,2,</ownDataTypeParameters>
<autoIncrementCycle>false</autoIncrementCycle>
</Column>
<Column name="SERVICIO_codigo_servicio" id="9CD94EEB-9FA6-70E5-8D9D-2E6329B6DBCA">
<createdBy>miguel</createdBy>
<createdTime>2024-09-08 20:05:56 UTC</createdTime>
<generatorID>A796644B-6D6F-59F3-CAD4-BBB65D089B24</generatorID>
<ownerDesignName>Exp2_S6_Miguel_Bozo</ownerDesignName>
<useDomainConstraints>false</useDomainConstraints>
<use>1</use>
<logicalDatatype>LOGDT024</logicalDatatype>
<dataTypeSize>20</dataTypeSize>
<ownDataTypeParameters>20,,</ownDataTypeParameters>
<previousColumn>false</previousColumn>
<autoIncrementCycle>false</autoIncrementCycle>
<associations>
<colAssociation fkAssociation="FEAB6785-64DD-5A36-80E9-40AAD7F13B6B" referredColumn="03CC647F-F028-1A31-47BF-DBE5AE225869"/>
</associations>
</Column>
</columns>
<indexes itemClass="oracle.dbtools.crest.model.design.relational.Index">
<ind_PK_UK id="F51D33A7-9A64-D735-5275-90A2837518D3" name="REPUESTO_PK">
<createdBy>miguel</createdBy>
<createdTime>2024-09-08 20:05:56 UTC</createdTime>
<generatorID>F93011C0-0AA6-E9A6-440C-E255372789D2</generatorID>
<ownerDesignName>Exp2_S6_Miguel_Bozo</ownerDesignName>
<pk>true</pk>
<indexState>Primary Constraint</indexState>
<isSurrogateKey>false</isSurrogateKey>
<indexColumnUsage>
<colUsage columnID="54F14595-606F-962D-1010-8C3313DBE7BC"/>
</indexColumnUsage>
</ind_PK_UK>
<ind_PK_UK id="FAD4A5B2-3100-797B-18BF-D243C35DB742" name="REPUESTO_SERVICIO_FK">
<createdBy>miguel</createdBy>
<createdTime>2024-09-08 20:05:56 UTC</createdTime>
<generatorID>478C9C45-634A-7BDA-6C2C-7AFF8F030E64</generatorID>
<ownerDesignName>Exp2_S6_Miguel_Bozo</ownerDesignName>
<indexState>Foreign Key</indexState>
<isSurrogateKey>false</isSurrogateKey>
<indexColumnUsage>
<colUsage columnID="9CD94EEB-9FA6-70E5-8D9D-2E6329B6DBCA"/>
</indexColumnUsage>
</ind_PK_UK>
</indexes>
</Table>