<?xml version = '1.0' encoding = 'UTF-8'?>
<Table class="oracle.dbtools.crest.model.design.relational.Table" directorySegmentName="seg_0" id="64DD2E00-BC55-E67A-4E2B-B6A9A0418D24" name="SERVICIO">
<createdBy>miguel</createdBy>
<createdTime>2024-09-08 20:05:56 UTC</createdTime>
<generatorID>4B47982B-29EE-5B26-67A5-054FAF42D29A</generatorID>
<ownerDesignName>Exp2_S6_Miguel_Bozo</ownerDesignName>
<allowColumnReorder>false</allowColumnReorder>
<existDependencyGenerateInDDl>true</existDependencyGenerateInDDl>
<parsed>true</parsed>
<columns itemClass="oracle.dbtools.crest.model.design.relational.Column">
<Column name="codigo_servicio" id="03CC647F-F028-1A31-47BF-DBE5AE225869">
<createdBy>miguel</createdBy>
<createdTime>2024-09-08 20:05:56 UTC</createdTime>
<generatorID>BA4A6222-8E09-FF0D-56AA-7AE7C59BA9E2</generatorID>
<ownerDesignName>Exp2_S6_Miguel_Bozo</ownerDesignName>
<useDomainConstraints>false</useDomainConstraints>
<use>1</use>
<logicalDatatype>LOGDT024</logicalDatatype>
<dataTypeSize>20</dataTypeSize>
<ownDataTypeParameters>20,,</ownDataTypeParameters>
<autoIncrementCycle>false</autoIncrementCycle>
</Column>
<Column name="tipo_servicio" id="1163AF9C-6578-A56F-2FC4-F49105C2B204">
<createdBy>miguel</createdBy>
<createdTime>2024-09-08 20:05:56 UTC</createdTime>
<generatorID>7DF2EF9F-3788-EAC2-9793-5C823F4A3AB6</generatorID>
<ownerDesignName>Exp2_S6_Miguel_Bozo</ownerDesignName>
<useDomainConstraints>false</useDomainConstraints>
<use>1</use>
<logicalDatatype>LOGDT024</logicalDatatype>
<dataTypeSize>30</dataTypeSize>
<ownDataTypeParameters>30,,</ownDataTypeParameters>
<autoIncrementCycle>false</autoIncrementCycle>
</Column>
<Column name="descripcion_servicio" id="86BF44E9-4E83-36BF-0EBC-DA44C8ADF93E">
<createdBy>miguel</createdBy>
<createdTime>2024-09-08 20:05:56 UTC</createdTime>
<generatorID>A54655DC-E697-5100-9E46-C6F38EFEA5D1</generatorID>
<ownerDesignName>Exp2_S6_Miguel_Bozo</ownerDesignName>
<useDomainConstraints>false</useDomainConstraints>
<use>1</use>
<logicalDatatype>LOGDT024</logicalDatatype>
<dataTypeSize>150</dataTypeSize>
<ownDataTypeParameters>150,,</ownDataTypeParameters>
<autoIncrementCycle>false</autoIncrementCycle>
</Column>
<Column name="VALIDACION_SERVICIO_codigo_validacion" id="2A393B4F-1DC3-8A8F-9DD5-908B20722A3B">
<createdBy>miguel</createdBy>
<createdTime>2024-09-08 20:05:56 UTC</createdTime>
<generatorID>6EF5600D-DAD9-8FB9-CE0C-0C261AFD9A15</generatorID>
<ownerDesignName>Exp2_S6_Miguel_Bozo</ownerDesignName>
<useDomainConstraints>false</useDomainConstraints>
<use>1</use>
<logicalDatatype>LOGDT024</logicalDatatype>
<dataTypeSize>20</dataTypeSize>
<ownDataTypeParameters>20,,</ownDataTypeParameters>
<previousColumn>false</previousColumn>
<autoIncrementCycle>false</autoIncrementCycle>
<associations>
<colAssociation fkAssociation="2A5BD2FE-F4E1-F420-FD87-39EC831BA9CC" referredColumn="73B8C159-1330-882E-A878-D8ED1CE3A615"/>
</associations>
</Column>
<Column name="ORDEN_SERVICIO_codigo_orden" id="D818B384-A292-BDC1-4A76-E03CD47AF989">
<createdBy>miguel</createdBy>
<createdTime>2024-09-08 20:05:56 UTC</createdTime>
<generatorID>E2970807-232E-8634-66E0-7773DA38A344</generatorID>
<ownerDesignName>Exp2_S6_Miguel_Bozo</ownerDesignName>
<useDomainConstraints>false</useDomainConstraints>
<use>1</use>
<logicalDatatype>LOGDT024</logicalDatatype>
<dataTypeSize>20</dataTypeSize>
<ownDataTypeParameters>20,,</ownDataTypeParameters>
<previousColumn>false</previousColumn>
<autoIncrementCycle>false</autoIncrementCycle>
<associations>
<colAssociation fkAssociation="21EA523D-E697-84E0-CC91-7933AB896612" referredColumn="051F9E9A-884E-5FD9-6FB4-98EC9A95BB45"/>
</associations>
</Column>
<Column name="SEGUIMIENTO_codigo_seguimiento" id="C81DE51F-8579-F039-2DBE-906058263C7D">
<createdBy>miguel</createdBy>
<createdTime>2024-09-08 20:05:56 UTC</createdTime>
<generatorID>0913036D-DFB8-3A67-40C2-561A2C1D8524</generatorID>
<ownerDesignName>Exp2_S6_Miguel_Bozo</ownerDesignName>
<useDomainConstraints>false</useDomainConstraints>
<use>1</use>
<logicalDatatype>LOGDT024</logicalDatatype>
<dataTypeSize>20</dataTypeSize>
<ownDataTypeParameters>20,,</ownDataTypeParameters>
<previousColumn>false</previousColumn>
<autoIncrementCycle>false</autoIncrementCycle>
<associations>
<colAssociation fkAssociation="7DA7C2C8-ABF5-B4F0-FCB9-2E2BF82CEA51" referredColumn="0443B76E-AA95-2DAE-763B-ADAF2A0C6E1E"/>
</associations>
</Column>
</columns>
<indexes itemClass="oracle.dbtools.crest.model.design.relational.Index">
<ind_PK_UK id="D892321D-CF5B-EC8D-E12E-63CCF251F38B" name="SERVICIO_PK">
<createdBy>miguel</createdBy>
<createdTime>2024-09-08 20:05:56 UTC</createdTime>
<generatorID>D9D838ED-0061-B7F6-BBCA-EEEB2F9425AC</generatorID>
<ownerDesignName>Exp2_S6_Miguel_Bozo</ownerDesignName>
<pk>true</pk>
<indexState>Primary Constraint</indexState>
<isSurrogateKey>false</isSurrogateKey>
<indexColumnUsage>
<colUsage columnID="03CC647F-F028-1A31-47BF-DBE5AE225869"/>
</indexColumnUsage>
</ind_PK_UK>
<ind_PK_UK id="3FFFEF08-CBE6-E412-FCDB-8D530A003386" name="SERVICIO__IDX">
<createdBy>miguel</createdBy>
<createdTime>2024-09-08 20:05:56 UTC</createdTime>
<ownerDesignName>Exp2_S6_Miguel_Bozo</ownerDesignName>
<indexState>Unique Plain Index</indexState>
<isSurrogateKey>false</isSurrogateKey>
<relationGeneratorID>E75F5062-DACA-2AF9-82F9-2D7D3CF3F299</relationGeneratorID>
<indexColumnUsage>
<colUsage columnID="C81DE51F-8579-F039-2DBE-906058263C7D"/>
</indexColumnUsage>
</ind_PK_UK>
<ind_PK_UK id="9E8747FC-E518-979C-B8D4-3CCBFA103700" name="SERVICIO__IDXv1">
<createdBy>miguel</createdBy>
<createdTime>2024-09-08 20:05:56 UTC</createdTime>
<ownerDesignName>Exp2_S6_Miguel_Bozo</ownerDesignName>
<indexState>Unique Plain Index</indexState>
<isSurrogateKey>false</isSurrogateKey>
<relationGeneratorID>18917F36-9A90-0D58-35E2-27C4C9D0033C</relationGeneratorID>
<indexColumnUsage>
<colUsage columnID="2A393B4F-1DC3-8A8F-9DD5-908B20722A3B"/>
</indexColumnUsage>
</ind_PK_UK>
<ind_PK_UK id="E9F7E9A6-C5A8-954C-0C26-A37383B845DD" name="SERVICIO__IDXv2">
<createdBy>miguel</createdBy>
<createdTime>2024-09-08 20:05:56 UTC</createdTime>
<ownerDesignName>Exp2_S6_Miguel_Bozo</ownerDesignName>
<indexState>Unique Plain Index</indexState>
<isSurrogateKey>false</isSurrogateKey>
<relationGeneratorID>55E7F243-6A97-5634-DD83-F096BE7E7632</relationGeneratorID>
<indexColumnUsage>
<colUsage columnID="D818B384-A292-BDC1-4A76-E03CD47AF989"/>
</indexColumnUsage>
</ind_PK_UK>
<ind_PK_UK id="A600AECD-09B0-9B27-1D0E-80F4DCCE94E6" name="SERVICIO_SEGUIMIENTO_FK">
<createdBy>miguel</createdBy>
<createdTime>2024-09-08 20:05:56 UTC</createdTime>
<generatorID>E75F5062-DACA-2AF9-82F9-2D7D3CF3F299</generatorID>
<ownerDesignName>Exp2_S6_Miguel_Bozo</ownerDesignName>
<indexState>Foreign Key</indexState>
<isSurrogateKey>false</isSurrogateKey>
<indexColumnUsage>
<colUsage columnID="C81DE51F-8579-F039-2DBE-906058263C7D"/>
</indexColumnUsage>
</ind_PK_UK>
<ind_PK_UK id="E4FC83BE-FB64-D895-8535-723DA0DFBD60" name="SERVICIO_VALIDACION_SERVICIO_FK">
<createdBy>miguel</createdBy>
<createdTime>2024-09-08 20:05:56 UTC</createdTime>
<generatorID>18917F36-9A90-0D58-35E2-27C4C9D0033C</generatorID>
<ownerDesignName>Exp2_S6_Miguel_Bozo</ownerDesignName>
<indexState>Foreign Key</indexState>
<isSurrogateKey>false</isSurrogateKey>
<indexColumnUsage>
<colUsage columnID="2A393B4F-1DC3-8A8F-9DD5-908B20722A3B"/>
</indexColumnUsage>
</ind_PK_UK>
<ind_PK_UK id="06B50892-7EED-395D-57AA-6646C440355E" name="SERVICIO_ORDEN_SERVICIO_FK">
<createdBy>miguel</createdBy>
<createdTime>2024-09-08 20:05:56 UTC</createdTime>
<generatorID>55E7F243-6A97-5634-DD83-F096BE7E7632</generatorID>
<ownerDesignName>Exp2_S6_Miguel_Bozo</ownerDesignName>
<indexState>Foreign Key</indexState>
<isSurrogateKey>false</isSurrogateKey>
<indexColumnUsage>
<colUsage columnID="D818B384-A292-BDC1-4A76-E03CD47AF989"/>
</indexColumnUsage>
</ind_PK_UK>
</indexes>
</Table>