<?xml version = '1.0' encoding = 'UTF-8'?>
<Table class="oracle.dbtools.crest.model.design.relational.Table" directorySegmentName="seg_0" id="AA2468BA-BF6C-19E7-45ED-4F7F03796196" name="ESTADO">
<createdBy>miguel</createdBy>
<createdTime>2024-09-08 20:05:56 UTC</createdTime>
<generatorID>E2EA175C-6476-4CA7-D764-77DC4A32E249</generatorID>
<ownerDesignName>Exp2_S6_Miguel_Bozo</ownerDesignName>
<allowColumnReorder>false</allowColumnReorder>
<existDependencyGenerateInDDl>true</existDependencyGenerateInDDl>
<parsed>true</parsed>
<columns itemClass="oracle.dbtools.crest.model.design.relational.Column">
<Column name="codigo_estado" id="67681EAA-52B6-A4CC-3DBD-77075F77A246">
<createdBy>miguel</createdBy>
<createdTime>2024-09-08 20:05:56 UTC</createdTime>
<generatorID>5E772FC9-D9A7-07A3-C848-55CC248908AE</generatorID>
<ownerDesignName>Exp2_S6_Miguel_Bozo</ownerDesignName>
<useDomainConstraints>false</useDomainConstraints>
<use>1</use>
<logicalDatatype>LOGDT024</logicalDatatype>
<dataTypeSize>20</dataTypeSize>
<ownDataTypeParameters>20,,</ownDataTypeParameters>
<autoIncrementCycle>false</autoIncrementCycle>
</Column>
<Column name="estado" id="6DF7D295-2110-AFF9-F308-59699E60F910">
<createdBy>miguel</createdBy>
<createdTime>2024-09-08 20:05:56 UTC</createdTime>
<generatorID>FE5970D2-7AAC-B113-9F1F-AC33A8D9065F</generatorID>
<ownerDesignName>Exp2_S6_Miguel_Bozo</ownerDesignName>
<useDomainConstraints>false</useDomainConstraints>
<use>1</use>
<logicalDatatype>LOGDT025</logicalDatatype>
<dataTypeSize>15</dataTypeSize>
<ownDataTypeParameters>15,,</ownDataTypeParameters>
<autoIncrementCycle>false</autoIncrementCycle>
</Column>
<Column name="SEGUIMIENTO_codigo_seguimiento" id="9B7956F9-02C1-F43B-73C4-DCBDAEB90383">
<createdBy>miguel</createdBy>
<createdTime>2024-09-08 20:05:56 UTC</createdTime>
<generatorID>4D46FDC3-C1C4-B865-79DF-1A42805436A6</generatorID>
<ownerDesignName>Exp2_S6_Miguel_Bozo</ownerDesignName>
<useDomainConstraints>false</useDomainConstraints>
<use>1</use>
<logicalDatatype>LOGDT024</logicalDatatype>
<dataTypeSize>20</dataTypeSize>
<ownDataTypeParameters>20,,</ownDataTypeParameters>
<previousColumn>false</previousColumn>
<autoIncrementCycle>false</autoIncrementCycle>
<associations>
<colAssociation fkAssociation="5F37940C-4866-E4CC-B7DE-FA918CCB9FA9" referredColumn="0443B76E-AA95-2DAE-763B-ADAF2A0C6E1E"/>
</associations>
</Column>
</columns>
<indexes itemClass="oracle.dbtools.crest.model.design.relational.Index">
<ind_PK_UK id="6B7CC889-286F-2EFB-246D-A6B405BA793E" name="ESTADO_PK">
<createdBy>miguel</createdBy>
<createdTime>2024-09-08 20:05:56 UTC</createdTime>
<generatorID>8D6D3F58-F4EF-EFB3-C0B2-0C982C82CF55</generatorID>
<ownerDesignName>Exp2_S6_Miguel_Bozo</ownerDesignName>
<pk>true</pk>
<indexState>Primary Constraint</indexState>
<isSurrogateKey>false</isSurrogateKey>
<indexColumnUsage>
<colUsage columnID="67681EAA-52B6-A4CC-3DBD-77075F77A246"/>
</indexColumnUsage>
</ind_PK_UK>
<ind_PK_UK id="591A3B42-6E9E-5A53-7B4B-FC5FF91D0B5C" name="ESTADO_SEGUIMIENTO_FK">
<createdBy>miguel</createdBy>
<createdTime>2024-09-08 20:05:56 UTC</createdTime>
<generatorID>175A61BC-B283-1CF4-EFFE-09181453AD9B</generatorID>
<ownerDesignName>Exp2_S6_Miguel_Bozo</ownerDesignName>
<indexState>Foreign Key</indexState>
<isSurrogateKey>false</isSurrogateKey>
<indexColumnUsage>
<colUsage columnID="9B7956F9-02C1-F43B-73C4-DCBDAEB90383"/>
</indexColumnUsage>
</ind_PK_UK>
</indexes>
</Table>