<?xml version = '1.0' encoding = 'UTF-8'?>
<Table class="oracle.dbtools.crest.model.design.relational.Table" directorySegmentName="seg_0" id="F9EC3FE2-D1F7-7DF7-BE8B-C9788D3CCA38" name="VALIDACION_SERVICIO">
<createdBy>miguel</createdBy>
<createdTime>2024-09-08 20:05:56 UTC</createdTime>
<generatorID>13DC7368-362C-FB1E-04F5-D1D914361C7A</generatorID>
<ownerDesignName>Exp2_S6_Miguel_Bozo</ownerDesignName>
<allowColumnReorder>false</allowColumnReorder>
<existDependencyGenerateInDDl>true</existDependencyGenerateInDDl>
<parsed>true</parsed>
<columns itemClass="oracle.dbtools.crest.model.design.relational.Column">
<Column name="codigo_validacion" id="73B8C159-1330-882E-A878-D8ED1CE3A615">
<createdBy>miguel</createdBy>
<createdTime>2024-09-08 20:05:56 UTC</createdTime>
<generatorID>54E6E6CD-AABC-D58F-6E04-A36D30C3C20D</generatorID>
<ownerDesignName>Exp2_S6_Miguel_Bozo</ownerDesignName>
<useDomainConstraints>false</useDomainConstraints>
<use>1</use>
<logicalDatatype>LOGDT024</logicalDatatype>
<dataTypeSize>20</dataTypeSize>
<ownDataTypeParameters>20,,</ownDataTypeParameters>
<autoIncrementCycle>false</autoIncrementCycle>
</Column>
<Column name="esta_aprobado" id="688DB600-0DD0-2B1C-C7C5-FB50A6A9A643">
<createdBy>miguel</createdBy>
<createdTime>2024-09-08 20:05:56 UTC</createdTime>
<generatorID>13E5A4B3-275D-6161-6523-A095EE655323</generatorID>
<ownerDesignName>Exp2_S6_Miguel_Bozo</ownerDesignName>
<useDomainConstraints>false</useDomainConstraints>
<use>1</use>
<logicalDatatype>LOGDT006</logicalDatatype>
<dataTypeSize>1</dataTypeSize>
<ownDataTypeParameters>1,,</ownDataTypeParameters>
<autoIncrementCycle>false</autoIncrementCycle>
</Column>
<Column name="comentario_validacion" id="64E37C9A-B1FC-A617-D6F6-F9122E14EACC">
<createdBy>miguel</createdBy>
<createdTime>2024-09-08 20:05:56 UTC</createdTime>
<generatorID>8AB4B227-18E0-D9AD-54D7-51DC9B1374FD</generatorID>
<ownerDesignName>Exp2_S6_Miguel_Bozo</ownerDesignName>
<useDomainConstraints>false</useDomainConstraints>
<use>1</use>
<logicalDatatype>LOGDT024</logicalDatatype>
<dataTypeSize>150</dataTypeSize>
<ownDataTypeParameters>150,,</ownDataTypeParameters>
<autoIncrementCycle>false</autoIncrementCycle>
</Column>
<Column name="SERVICIO_codigo_servicio" id="94A930DB-6A5E-EE1C-AA63-181343B46E85">
<createdBy>miguel</createdBy>
<createdTime>2024-09-08 20:05:56 UTC</createdTime>
<generatorID>12CF8935-25FA-683B-B113-0B0E7BB9BDCA</generatorID>
<ownerDesignName>Exp2_S6_Miguel_Bozo</ownerDesignName>
<useDomainConstraints>false</useDomainConstraints>
<use>1</use>
<logicalDatatype>LOGDT024</logicalDatatype>
<dataTypeSize>20</dataTypeSize>
<ownDataTypeParameters>20,,</ownDataTypeParameters>
<previousColumn>false</previousColumn>
<autoIncrementCycle>false</autoIncrementCycle>
<associations>
<colAssociation fkAssociation="CFDFB3F5-D29E-0B97-7295-7103824B3A12" referredColumn="03CC647F-F028-1A31-47BF-DBE5AE225869"/>
</associations>
</Column>
</columns>
<indexes itemClass="oracle.dbtools.crest.model.design.relational.Index">
<ind_PK_UK id="7DF9561B-80F3-0FB2-704F-BB73F3327BEF" name="VALIDACION_SERVICIO_PK">
<createdBy>miguel</createdBy>
<createdTime>2024-09-08 20:05:56 UTC</createdTime>
<generatorID>0F89D2A5-7729-9044-5C2C-3538E9F3C8D2</generatorID>
<ownerDesignName>Exp2_S6_Miguel_Bozo</ownerDesignName>
<pk>true</pk>
<indexState>Primary Constraint</indexState>
<isSurrogateKey>false</isSurrogateKey>
<indexColumnUsage>
<colUsage columnID="73B8C159-1330-882E-A878-D8ED1CE3A615"/>
</indexColumnUsage>
</ind_PK_UK>
<ind_PK_UK id="4ABD9215-47B7-5146-4E52-B975A83D8D86" name="VALIDACION_SERVICIO__IDX">
<createdBy>miguel</createdBy>
<createdTime>2024-09-08 20:05:56 UTC</createdTime>
<ownerDesignName>Exp2_S6_Miguel_Bozo</ownerDesignName>
<indexState>Unique Plain Index</indexState>
<isSurrogateKey>false</isSurrogateKey>
<relationGeneratorID>18917F36-9A90-0D58-35E2-27C4C9D0033C</relationGeneratorID>
<indexColumnUsage>
<colUsage columnID="94A930DB-6A5E-EE1C-AA63-181343B46E85"/>
</indexColumnUsage>
</ind_PK_UK>
<ind_PK_UK id="DF0650CC-9277-A97A-792E-40F7B334F195" name="VALIDACION_SERVICIO_SERVICIO_FK">
<createdBy>miguel</createdBy>
<createdTime>2024-09-08 20:05:56 UTC</createdTime>
<generatorID>18917F36-9A90-0D58-35E2-27C4C9D0033C</generatorID>
<ownerDesignName>Exp2_S6_Miguel_Bozo</ownerDesignName>
<indexState>Foreign Key</indexState>
<isSurrogateKey>false</isSurrogateKey>
<indexColumnUsage>
<colUsage columnID="94A930DB-6A5E-EE1C-AA63-181343B46E85"/>
</indexColumnUsage>
</ind_PK_UK>
</indexes>
</Table>