<?xml version = '1.0' encoding = 'UTF-8'?>
<Entity class="oracle.dbtools.crest.model.design.logical.Entity" directorySegmentName="seg_0" id="DA390695-A2E9-5430-77CC-1448AF027635" name="Contacto">
<createdBy>miguel</createdBy>
<createdTime>2024-09-17 02:39:46 UTC</createdTime>
<ownerDesignName>Exp2_S6_Miguel_Bozo</ownerDesignName>
<engineerTo>
<item key="881601A3-29A2-C5A9-AEA7-0880FF60A02F" value="true"/>
</engineerTo>
<adequatelyNormalized>NO</adequatelyNormalized>
<expectedVolumes>0</expectedVolumes>
<fwdEngineeringStrategyName>Single Table</fwdEngineeringStrategyName>
<growthPercent>0</growthPercent>
<growthType>Year</growthType>
<maxVolumes>9999999</maxVolumes>
<minVolumes>0</minVolumes>
<normalForm>Third</normalForm>
<attributes itemClass="oracle.dbtools.crest.model.design.logical.Attribute">
<Attribute name="id_contacto" id="BA716F12-8DCA-A802-A595-D264AF49C1F2">
<createdBy>miguel</createdBy>
<createdTime>2024-09-17 02:39:55 UTC</createdTime>
<ownerDesignName>Exp2_S6_Miguel_Bozo</ownerDesignName>
<engineerTo>
<item key="881601A3-29A2-C5A9-AEA7-0880FF60A02F" value="true"/>
</engineerTo>
<useDomainConstraints>false</useDomainConstraints>
<use>1</use>
<logicalDatatype>LOGDT024</logicalDatatype>
<dataTypeSize>20 BYTE</dataTypeSize>
<ownDataTypeParameters>20 BYTE,,</ownDataTypeParameters>
</Attribute>
<Attribute name="numcel" id="A18026BF-1C31-73E8-EDA2-805A6D8687F5">
<createdBy>miguel</createdBy>
<createdTime>2024-09-17 02:40:30 UTC</createdTime>
<ownerDesignName>Exp2_S6_Miguel_Bozo</ownerDesignName>
<engineerTo>
<item key="881601A3-29A2-C5A9-AEA7-0880FF60A02F" value="true"/>
</engineerTo>
<useDomainConstraints>false</useDomainConstraints>
<use>1</use>
<logicalDatatype>LOGDT019</logicalDatatype>
<ownDataTypeParameters>,,</ownDataTypeParameters>
</Attribute>
<Attribute name="email" id="95594651-06B9-420E-C4BA-8AE3828D2ED8">
<createdBy>miguel</createdBy>
<createdTime>2024-09-17 02:41:48 UTC</createdTime>
<ownerDesignName>Exp2_S6_Miguel_Bozo</ownerDesignName>
<engineerTo>
<item key="881601A3-29A2-C5A9-AEA7-0880FF60A02F" value="true"/>
</engineerTo>
<useDomainConstraints>false</useDomainConstraints>
<use>1</use>
<logicalDatatype>LOGDT024</logicalDatatype>
<dataTypeSize>100 BYTE</dataTypeSize>
<ownDataTypeParameters>100 BYTE,,</ownDataTypeParameters>
</Attribute>
<Attribute name="rut_cliente" id="CB18480E-5CA8-3F3F-9D87-09B653B7E33A">
<createdBy>miguel</createdBy>
<createdTime>2024-09-17 02:42:15 UTC</createdTime>
<generatorID>CE9208D3-BA22-551F-D731-C941D619C63F</generatorID>
<ownerDesignName>Exp2_S6_Miguel_Bozo</ownerDesignName>
<engineerTo>
<item key="881601A3-29A2-C5A9-AEA7-0880FF60A02F" value="true"/>
</engineerTo>
<referedAttribute>0007A515-CFB0-7725-3403-E4EC1CD4FB22</referedAttribute>
<useDomainConstraints>false</useDomainConstraints>
<use>1</use>
<logicalDatatype>LOGDT025</logicalDatatype>
<dataTypeSize>9</dataTypeSize>
<ownDataTypeParameters>9,,</ownDataTypeParameters>
</Attribute>
<Attribute name="id_domicilio1111111111111111111111111111111111111111111111111111111111111111111111111111111111111111111111111111111111111111111111" id="8B5D9B0C-6AD3-F644-4795-2EE129561F5A">
<createdBy>miguel</createdBy>
<createdTime>2024-09-17 02:43:01 UTC</createdTime>
<generatorID>CE9208D3-BA22-551F-D731-C941D619C63F</generatorID>
<ownerDesignName>Exp2_S6_Miguel_Bozo</ownerDesignName>
<engineerTo>
<item key="881601A3-29A2-C5A9-AEA7-0880FF60A02F" value="true"/>
</engineerTo>
<referedAttribute>F6BB9CDC-B34F-593A-6147-22C3CFF17CC4</referedAttribute>
<useDomainConstraints>false</useDomainConstraints>
<use>1</use>
<logicalDatatype>LOGDT024</logicalDatatype>
<ownDataTypeParameters>,,</ownDataTypeParameters>
</Attribute>
</attributes>
<identifiers itemClass="oracle.dbtools.crest.model.design.logical.CandidateKey">
<identifier id="EE66686D-4682-F548-66BE-097F367D42AA" name="Contacto PK">
<createdBy>miguel</createdBy>
<createdTime>2024-09-17 02:40:27 UTC</createdTime>
<ownerDesignName>Exp2_S6_Miguel_Bozo</ownerDesignName>
<engineerTo>
<item key="881601A3-29A2-C5A9-AEA7-0880FF60A02F" value="true"/>
</engineerTo>
<pk>true</pk>
<usedAttributes>
<attributeRef>BA716F12-8DCA-A802-A595-D264AF49C1F2</attributeRef>
<attributeRef>CB18480E-5CA8-3F3F-9D87-09B653B7E33A</attributeRef>
<attributeRef>8B5D9B0C-6AD3-F644-4795-2EE129561F5A</attributeRef>
</usedAttributes>
</identifier>
</identifiers>
</Entity>