<?xml version = '1.0' encoding = 'UTF-8'?>
<Entity class="oracle.dbtools.crest.model.design.logical.Entity" directorySegmentName="seg_0" id="E2EA175C-6476-4CA7-D764-77DC4A32E249" name="ESTADO">
<createdBy>nicolas</createdBy>
<createdTime>2024-09-03 00:29:51 UTC</createdTime>
<ownerDesignName>Exp2_S6_Miguel_Bozo</ownerDesignName>
<engineerTo>
<item key="881601A3-29A2-C5A9-AEA7-0880FF60A02F" value="true"/>
</engineerTo>
<adequatelyNormalized>NO</adequatelyNormalized>
<expectedVolumes>0</expectedVolumes>
<fwdEngineeringStrategyName>Single Table</fwdEngineeringStrategyName>
<growthPercent>0</growthPercent>
<growthType>Year</growthType>
<hierarchicalParent>F7A719B0-066A-CABD-0E67-117A41B94215</hierarchicalParent>
<maxVolumes>9999999</maxVolumes>
<minVolumes>0</minVolumes>
<normalForm>Third</normalForm>
<attributes itemClass="oracle.dbtools.crest.model.design.logical.Attribute">
<Attribute name="codigo_estado" id="5E772FC9-D9A7-07A3-C848-55CC248908AE">
<createdBy>nicolas</createdBy>
<createdTime>2024-09-03 00:31:46 UTC</createdTime>
<ownerDesignName>Exp2_S6_Miguel_Bozo</ownerDesignName>
<engineerTo>
<item key="881601A3-29A2-C5A9-AEA7-0880FF60A02F" value="true"/>
</engineerTo>
<useDomainConstraints>false</useDomainConstraints>
<use>1</use>
<logicalDatatype>LOGDT024</logicalDatatype>
<dataTypeSize>20</dataTypeSize>
<ownDataTypeParameters>20,,</ownDataTypeParameters>
</Attribute>
<Attribute name="estado" id="FE5970D2-7AAC-B113-9F1F-AC33A8D9065F">
<createdBy>nicolas</createdBy>
<createdTime>2024-09-03 00:30:41 UTC</createdTime>
<ownerDesignName>Exp2_S6_Miguel_Bozo</ownerDesignName>
<engineerTo>
<item key="881601A3-29A2-C5A9-AEA7-0880FF60A02F" value="true"/>
</engineerTo>
<useDomainConstraints>false</useDomainConstraints>
<use>1</use>
<logicalDatatype>LOGDT025</logicalDatatype>
<dataTypeSize>15</dataTypeSize>
<ownDataTypeParameters>15,,</ownDataTypeParameters>
</Attribute>
</attributes>
<identifiers itemClass="oracle.dbtools.crest.model.design.logical.CandidateKey">
<identifier id="8D6D3F58-F4EF-EFB3-C0B2-0C982C82CF55" name="ESTADO PK">
<createdBy>nicolas</createdBy>
<createdTime>2024-09-03 00:31:56 UTC</createdTime>
<ownerDesignName>Exp2_S6_Miguel_Bozo</ownerDesignName>
<engineerTo>
<item key="881601A3-29A2-C5A9-AEA7-0880FF60A02F" value="true"/>
</engineerTo>
<pk>true</pk>
<usedAttributes>
<attributeRef>5E772FC9-D9A7-07A3-C848-55CC248908AE</attributeRef>
</usedAttributes>
</identifier>
</identifiers>
</Entity>