<?xml version = '1.0' encoding = 'UTF-8'?>
<Entity class="oracle.dbtools.crest.model.design.logical.Entity" directorySegmentName="seg_0" id="EE4BC98E-70F3-CC98-6777-54209D7CB465" name="Domicilio">
<createdBy>miguel</createdBy>
<createdTime>2024-09-17 02:38:31 UTC</createdTime>
<ownerDesignName>Exp2_S6_Miguel_Bozo</ownerDesignName>
<engineerTo>
<item key="881601A3-29A2-C5A9-AEA7-0880FF60A02F" value="true"/>
</engineerTo>
<adequatelyNormalized>NO</adequatelyNormalized>
<expectedVolumes>0</expectedVolumes>
<fwdEngineeringStrategyName>Single Table</fwdEngineeringStrategyName>
<growthPercent>0</growthPercent>
<growthType>Year</growthType>
<hierarchicalParent>6D84BA59-FC19-2C7D-C930-97CEF7DA0BA5</hierarchicalParent>
<maxVolumes>9999999</maxVolumes>
<minVolumes>0</minVolumes>
<normalForm>Third</normalForm>
<attributes itemClass="oracle.dbtools.crest.model.design.logical.Attribute">
<Attribute name="id_domicilio" id="236DB679-A021-F3B7-8A5B-93D16C2BB6A6">
<createdBy>miguel</createdBy>
<createdTime>2024-09-17 02:38:57 UTC</createdTime>
<ownerDesignName>Exp2_S6_Miguel_Bozo</ownerDesignName>
<engineerTo>
<item key="881601A3-29A2-C5A9-AEA7-0880FF60A02F" value="true"/>
</engineerTo>
<useDomainConstraints>false</useDomainConstraints>
<use>1</use>
<logicalDatatype>LOGDT024</logicalDatatype>
<ownDataTypeParameters>,,</ownDataTypeParameters>
</Attribute>
<Attribute name="direccion" id="79D90058-7391-5B23-366E-FB245323E8FD">
<createdBy>miguel</createdBy>
<createdTime>2024-09-17 02:39:20 UTC</createdTime>
<ownerDesignName>Exp2_S6_Miguel_Bozo</ownerDesignName>
<engineerTo>
<item key="881601A3-29A2-C5A9-AEA7-0880FF60A02F" value="true"/>
</engineerTo>
<useDomainConstraints>false</useDomainConstraints>
<use>1</use>
<logicalDatatype>LOGDT023</logicalDatatype>
<ownDataTypeParameters>,,</ownDataTypeParameters>
</Attribute>
<Attribute name="comuna" id="06BACC9E-7C4A-FB6A-16A7-16A57C3D264F">
<createdBy>miguel</createdBy>
<createdTime>2024-09-17 02:39:33 UTC</createdTime>
<ownerDesignName>Exp2_S6_Miguel_Bozo</ownerDesignName>
<engineerTo>
<item key="881601A3-29A2-C5A9-AEA7-0880FF60A02F" value="true"/>
</engineerTo>
<useDomainConstraints>false</useDomainConstraints>
<use>1</use>
<logicalDatatype>LOGDT023</logicalDatatype>
<ownDataTypeParameters>,,</ownDataTypeParameters>
</Attribute>
</attributes>
<identifiers itemClass="oracle.dbtools.crest.model.design.logical.CandidateKey">
<identifier id="836B1181-9A5E-6506-1CFE-B835CB52B68E" name="Domicilio PK">
<createdBy>miguel</createdBy>
<createdTime>2024-09-17 02:39:03 UTC</createdTime>
<ownerDesignName>Exp2_S6_Miguel_Bozo</ownerDesignName>
<engineerTo>
<item key="881601A3-29A2-C5A9-AEA7-0880FF60A02F" value="true"/>
</engineerTo>
<pk>true</pk>
<usedAttributes>
<attributeRef>236DB679-A021-F3B7-8A5B-93D16C2BB6A6</attributeRef>
</usedAttributes>
</identifier>
</identifiers>
</Entity>