<?xml version = '1.0' encoding = 'UTF-8'?>
<relationalModel class="oracle.dbtools.crest.model.design.relational.RelationalDesign" name="Relational_1" id="3FDECFF5-FAE0-BD3B-5C13-15D8544EA903" mainViewID="8DCE93A0-E300-4366-2B3A-ACFC97F9B4FC">
<createdBy>miguel</createdBy>
<createdTime>2024-10-07 01:03:16 UTC</createdTime>
<ownerDesignName>EFT_S9_Miguel_Bozo</ownerDesignName>
<shouldBeOpen>false</shouldBeOpen>
<selectedRDBMSSite>32076570-2523-435C-2E92-BF29817DFF70</selectedRDBMSSite>
</relationalModel>