<?xml version = '1.0' encoding = 'UTF-8'?>
<relationalModel class="oracle.dbtools.crest.model.design.relational.RelationalDesign" name="Relational_1" id="72D0E945-BF39-7C09-8EAD-72241B2282FC" mainViewID="5F4733FD-6814-5A16-A21E-E671F54F9061">
<createdBy>miguel</createdBy>
<createdTime>2024-08-25 21:06:04 UTC</createdTime>
<ownerDesignName>Exp1_S3_Miguel_Bozo</ownerDesignName>
<shouldBeOpen>false</shouldBeOpen>
<selectedRDBMSSite>32076570-2523-435C-2E92-BF29817DFF70</selectedRDBMSSite>
</relationalModel>