<?xml version = '1.0' encoding = 'UTF-8'?>
<Entity class="oracle.dbtools.crest.model.design.logical.Entity" directorySegmentName="seg_0" id="4E8F7607-D027-CD2C-BD0A-D9E6DC4A093F" name="Huerto">
<createdBy>miguel</createdBy>
<createdTime>2024-08-25 21:08:21 UTC</createdTime>
<ownerDesignName>Exp1_S3_Miguel_Bozo</ownerDesignName>
<engineerTo>
<item key="72D0E945-BF39-7C09-8EAD-72241B2282FC" value="true"/>
</engineerTo>
<adequatelyNormalized>NO</adequatelyNormalized>
<expectedVolumes>0</expectedVolumes>
<fwdEngineeringStrategyName>Single Table</fwdEngineeringStrategyName>
<growthPercent>0</growthPercent>
<growthType>Year</growthType>
<maxVolumes>9999999</maxVolumes>
<minVolumes>0</minVolumes>
<normalForm>Third</normalForm>
<attributes itemClass="oracle.dbtools.crest.model.design.logical.Attribute">
<Attribute name="id_huerto" id="86FAF005-1293-8FC4-AAE3-35B5A37F2FA7">
<createdBy>miguel</createdBy>
<createdTime>2024-08-25 21:08:33 UTC</createdTime>
<ownerDesignName>Exp1_S3_Miguel_Bozo</ownerDesignName>
<engineerTo>
<item key="72D0E945-BF39-7C09-8EAD-72241B2282FC" value="true"/>
</engineerTo>
<useDomainConstraints>false</useDomainConstraints>
<use>1</use>
<logicalDatatype>LOGDT019</logicalDatatype>
<dataTypePrecision>20</dataTypePrecision>
<dataTypeScale>10</dataTypeScale>
<ownDataTypeParameters>,20,10</ownDataTypeParameters>
</Attribute>
<Attribute name="anio_adquisicion" id="22D60AE7-6704-BBF0-9207-C1A23E4B8BA6">
<createdBy>miguel</createdBy>
<createdTime>2024-08-25 21:08:53 UTC</createdTime>
<ownerDesignName>Exp1_S3_Miguel_Bozo</ownerDesignName>
<engineerTo>
<item key="72D0E945-BF39-7C09-8EAD-72241B2282FC" value="true"/>
</engineerTo>
<useDomainConstraints>false</useDomainConstraints>
<use>1</use>
<logicalDatatype>LOGDT007</logicalDatatype>
<ownDataTypeParameters>,,</ownDataTypeParameters>
</Attribute>
<Attribute name="area" id="6B3D032B-6337-297B-B035-FCACF0CA1864">
<createdBy>miguel</createdBy>
<createdTime>2024-08-25 21:09:16 UTC</createdTime>
<ownerDesignName>Exp1_S3_Miguel_Bozo</ownerDesignName>
<engineerTo>
<item key="72D0E945-BF39-7C09-8EAD-72241B2282FC" value="true"/>
</engineerTo>
<useDomainConstraints>false</useDomainConstraints>
<use>1</use>
<logicalDatatype>LOGDT024</logicalDatatype>
<ownDataTypeParameters>,,</ownDataTypeParameters>
</Attribute>
</attributes>
<identifiers itemClass="oracle.dbtools.crest.model.design.logical.CandidateKey">
<identifier id="BB0B991B-AE9D-AE9A-42BF-D957D39BC54F" name="Huerto PK">
<createdBy>miguel</createdBy>
<createdTime>2024-08-25 21:08:44 UTC</createdTime>
<ownerDesignName>Exp1_S3_Miguel_Bozo</ownerDesignName>
<engineerTo>
<item key="72D0E945-BF39-7C09-8EAD-72241B2282FC" value="true"/>
</engineerTo>
<pk>true</pk>
<usedAttributes>
<attributeRef>86FAF005-1293-8FC4-AAE3-35B5A37F2FA7</attributeRef>
</usedAttributes>
</identifier>
</identifiers>
</Entity>