<?xml version = '1.0' encoding = 'UTF-8'?>
<Entity class="oracle.dbtools.crest.model.design.logical.Entity" directorySegmentName="seg_0" id="B672890B-13A6-BA2D-9C04-B6D238C94CA0" name="Injerto">
<createdBy>miguel</createdBy>
<createdTime>2024-08-25 21:13:19 UTC</createdTime>
<ownerDesignName>Exp1_S3_Miguel_Bozo</ownerDesignName>
<engineerTo>
<item key="72D0E945-BF39-7C09-8EAD-72241B2282FC" value="true"/>
</engineerTo>
<adequatelyNormalized>NO</adequatelyNormalized>
<expectedVolumes>0</expectedVolumes>
<fwdEngineeringStrategyName>Single Table</fwdEngineeringStrategyName>
<growthPercent>0</growthPercent>
<growthType>Year</growthType>
<maxVolumes>9999999</maxVolumes>
<minVolumes>0</minVolumes>
<normalForm>Third</normalForm>
<attributes itemClass="oracle.dbtools.crest.model.design.logical.Attribute">
<Attribute name="id_injerto" id="88E4B5C2-8E1B-F5A1-3670-995F60AA4FB6">
<createdBy>miguel</createdBy>
<createdTime>2024-08-25 21:13:30 UTC</createdTime>
<ownerDesignName>Exp1_S3_Miguel_Bozo</ownerDesignName>
<engineerTo>
<item key="72D0E945-BF39-7C09-8EAD-72241B2282FC" value="true"/>
</engineerTo>
<useDomainConstraints>false</useDomainConstraints>
<use>1</use>
<logicalDatatype>LOGDT019</logicalDatatype>
<dataTypePrecision>20</dataTypePrecision>
<dataTypeScale>10</dataTypeScale>
<ownDataTypeParameters>,20,10</ownDataTypeParameters>
</Attribute>
<Attribute name="id_arbol" id="367AEBA4-479E-F7BC-3FE5-557A982A2B25">
<createdBy>miguel</createdBy>
<createdTime>2024-08-25 21:14:04 UTC</createdTime>
<ownerDesignName>Exp1_S3_Miguel_Bozo</ownerDesignName>
<engineerTo>
<item key="72D0E945-BF39-7C09-8EAD-72241B2282FC" value="true"/>
</engineerTo>
<useDomainConstraints>false</useDomainConstraints>
<use>1</use>
<logicalDatatype>LOGDT019</logicalDatatype>
<dataTypePrecision>20</dataTypePrecision>
<dataTypeScale>10</dataTypeScale>
<ownDataTypeParameters>,20,10</ownDataTypeParameters>
</Attribute>
<Attribute name="tipo" id="C5925D2D-FBCD-B08B-4019-C3E3EE0CCA70">
<createdBy>miguel</createdBy>
<createdTime>2024-08-25 21:14:30 UTC</createdTime>
<ownerDesignName>Exp1_S3_Miguel_Bozo</ownerDesignName>
<engineerTo>
<item key="72D0E945-BF39-7C09-8EAD-72241B2282FC" value="true"/>
</engineerTo>
<useDomainConstraints>false</useDomainConstraints>
<use>1</use>
<logicalDatatype>LOGDT024</logicalDatatype>
<dataTypeSize>10 BYTE</dataTypeSize>
<ownDataTypeParameters>10 BYTE,,</ownDataTypeParameters>
</Attribute>
<Attribute name="variedad" id="EC5E8535-D63B-D275-BF5E-015C7738D987">
<createdBy>miguel</createdBy>
<createdTime>2024-08-25 21:14:58 UTC</createdTime>
<ownerDesignName>Exp1_S3_Miguel_Bozo</ownerDesignName>
<engineerTo>
<item key="72D0E945-BF39-7C09-8EAD-72241B2282FC" value="true"/>
</engineerTo>
<useDomainConstraints>false</useDomainConstraints>
<use>1</use>
<logicalDatatype>LOGDT024</logicalDatatype>
<ownDataTypeParameters>,,</ownDataTypeParameters>
</Attribute>
<Attribute name="id_arbol1" id="8C501112-3CCF-10BF-7E11-59031ACBA769">
<createdBy>miguel</createdBy>
<createdTime>2024-08-25 21:18:35 UTC</createdTime>
<generatorID>92014BD4-E5D7-2D22-017B-B12EC4A5F57A</generatorID>
<ownerDesignName>Exp1_S3_Miguel_Bozo</ownerDesignName>
<engineerTo>
<item key="72D0E945-BF39-7C09-8EAD-72241B2282FC" value="true"/>
</engineerTo>
<referedAttribute>03A5F39E-19CF-4773-610C-041C353EAACD</referedAttribute>
<useDomainConstraints>false</useDomainConstraints>
<use>1</use>
<logicalDatatype>LOGDT019</logicalDatatype>
<dataTypePrecision>20</dataTypePrecision>
<dataTypeScale>10</dataTypeScale>
<ownDataTypeParameters>,,</ownDataTypeParameters>
</Attribute>
<Attribute name="id_huerto1" id="9652D363-D303-D063-AFFE-E8377695864B">
<createdBy>miguel</createdBy>
<createdTime>2024-08-25 21:28:22 UTC</createdTime>
<generatorID>92014BD4-E5D7-2D22-017B-B12EC4A5F57A</generatorID>
<ownerDesignName>Exp1_S3_Miguel_Bozo</ownerDesignName>
<engineerTo>
<item key="72D0E945-BF39-7C09-8EAD-72241B2282FC" value="true"/>
</engineerTo>
<referedAttribute>8BF15EFD-B97E-32A9-C039-6A68F605D9D8</referedAttribute>
<useDomainConstraints>false</useDomainConstraints>
<use>1</use>
<logicalDatatype>LOGDT019</logicalDatatype>
<dataTypePrecision>20</dataTypePrecision>
<dataTypeScale>10</dataTypeScale>
<ownDataTypeParameters>,,</ownDataTypeParameters>
</Attribute>
</attributes>
<identifiers itemClass="oracle.dbtools.crest.model.design.logical.CandidateKey">
<identifier id="5A515625-37F4-E3BB-7C3F-F792354550B9" name="Injerto PK">
<createdBy>miguel</createdBy>
<createdTime>2024-08-25 21:13:51 UTC</createdTime>
<ownerDesignName>Exp1_S3_Miguel_Bozo</ownerDesignName>
<engineerTo>
<item key="72D0E945-BF39-7C09-8EAD-72241B2282FC" value="true"/>
</engineerTo>
<pk>true</pk>
<usedAttributes>
<attributeRef>88E4B5C2-8E1B-F5A1-3670-995F60AA4FB6</attributeRef>
</usedAttributes>
</identifier>
</identifiers>
</Entity>