<?xml version = '1.0' encoding = 'UTF-8'?>
<Entity class="oracle.dbtools.crest.model.design.logical.Entity" directorySegmentName="seg_0" id="ED9D203E-E6D7-238A-44E2-D9FA9475D9F7" name="Árbol">
<createdBy>miguel</createdBy>
<createdTime>2024-08-25 21:10:08 UTC</createdTime>
<ownerDesignName>Exp1_S3_Miguel_Bozo</ownerDesignName>
<engineerTo>
<item key="72D0E945-BF39-7C09-8EAD-72241B2282FC" value="true"/>
</engineerTo>
<adequatelyNormalized>NO</adequatelyNormalized>
<expectedVolumes>0</expectedVolumes>
<fwdEngineeringStrategyName>Single Table</fwdEngineeringStrategyName>
<growthPercent>0</growthPercent>
<growthType>Year</growthType>
<maxVolumes>9999999</maxVolumes>
<minVolumes>0</minVolumes>
<normalForm>Third</normalForm>
<attributes itemClass="oracle.dbtools.crest.model.design.logical.Attribute">
<Attribute name="id_arbol" id="03A5F39E-19CF-4773-610C-041C353EAACD">
<createdBy>miguel</createdBy>
<createdTime>2024-08-25 21:10:16 UTC</createdTime>
<ownerDesignName>Exp1_S3_Miguel_Bozo</ownerDesignName>
<engineerTo>
<item key="72D0E945-BF39-7C09-8EAD-72241B2282FC" value="true"/>
</engineerTo>
<useDomainConstraints>false</useDomainConstraints>
<use>1</use>
<logicalDatatype>LOGDT019</logicalDatatype>
<dataTypePrecision>20</dataTypePrecision>
<dataTypeScale>10</dataTypeScale>
<ownDataTypeParameters>,20,10</ownDataTypeParameters>
</Attribute>
<Attribute name="id_huerto" id="1C0AFB88-C6B0-7495-8BC4-4975FAAA2B6A">
<createdBy>miguel</createdBy>
<createdTime>2024-08-25 21:11:06 UTC</createdTime>
<ownerDesignName>Exp1_S3_Miguel_Bozo</ownerDesignName>
<engineerTo>
<item key="72D0E945-BF39-7C09-8EAD-72241B2282FC" value="true"/>
</engineerTo>
<useDomainConstraints>false</useDomainConstraints>
<use>1</use>
<logicalDatatype>LOGDT019</logicalDatatype>
<dataTypePrecision>20</dataTypePrecision>
<dataTypeScale>10</dataTypeScale>
<ownDataTypeParameters>,20,10</ownDataTypeParameters>
</Attribute>
<Attribute name="tipo" id="AE31562B-AA36-E9B0-1E51-2753C4239484">
<createdBy>miguel</createdBy>
<createdTime>2024-08-25 21:11:34 UTC</createdTime>
<ownerDesignName>Exp1_S3_Miguel_Bozo</ownerDesignName>
<engineerTo>
<item key="72D0E945-BF39-7C09-8EAD-72241B2282FC" value="true"/>
</engineerTo>
<useDomainConstraints>false</useDomainConstraints>
<use>1</use>
<logicalDatatype>LOGDT024</logicalDatatype>
<ownDataTypeParameters>,,</ownDataTypeParameters>
</Attribute>
<Attribute name="variedad" id="B8DA2030-7986-BC80-D29C-4224901C83F2">
<createdBy>miguel</createdBy>
<createdTime>2024-08-25 21:11:47 UTC</createdTime>
<ownerDesignName>Exp1_S3_Miguel_Bozo</ownerDesignName>
<engineerTo>
<item key="72D0E945-BF39-7C09-8EAD-72241B2282FC" value="true"/>
</engineerTo>
<useDomainConstraints>false</useDomainConstraints>
<use>1</use>
<logicalDatatype>LOGDT024</logicalDatatype>
<ownDataTypeParameters>,,</ownDataTypeParameters>
</Attribute>
<Attribute name="tiene_injerto" id="B63E41DB-DE4F-3256-365F-92F0DF9D1F66">
<createdBy>miguel</createdBy>
<createdTime>2024-08-25 21:12:14 UTC</createdTime>
<ownerDesignName>Exp1_S3_Miguel_Bozo</ownerDesignName>
<engineerTo>
<item key="72D0E945-BF39-7C09-8EAD-72241B2282FC" value="true"/>
</engineerTo>
<useDomainConstraints>false</useDomainConstraints>
<use>1</use>
<logicalDatatype>LOGDT006</logicalDatatype>
<dataTypeSize>1 BYTE</dataTypeSize>
<ownDataTypeParameters>1 BYTE,,</ownDataTypeParameters>
</Attribute>
<Attribute name="anio_plantado" id="6F0EDB4F-4A58-3C4A-CE80-7CCDDBDCA867">
<createdBy>miguel</createdBy>
<createdTime>2024-08-25 21:12:33 UTC</createdTime>
<ownerDesignName>Exp1_S3_Miguel_Bozo</ownerDesignName>
<engineerTo>
<item key="72D0E945-BF39-7C09-8EAD-72241B2282FC" value="true"/>
</engineerTo>
<useDomainConstraints>false</useDomainConstraints>
<use>1</use>
<logicalDatatype>LOGDT007</logicalDatatype>
<ownDataTypeParameters>,,</ownDataTypeParameters>
</Attribute>
<Attribute name="anio_muerte" id="C4E72DFE-1CFE-9C97-1EE4-17AA76A7C02C">
<createdBy>miguel</createdBy>
<createdTime>2024-08-25 21:12:52 UTC</createdTime>
<ownerDesignName>Exp1_S3_Miguel_Bozo</ownerDesignName>
<engineerTo>
<item key="72D0E945-BF39-7C09-8EAD-72241B2282FC" value="true"/>
</engineerTo>
<nullsAllowed>true</nullsAllowed>
<useDomainConstraints>false</useDomainConstraints>
<use>1</use>
<logicalDatatype>LOGDT007</logicalDatatype>
<ownDataTypeParameters>,,</ownDataTypeParameters>
</Attribute>
<Attribute name="id_huerto1" id="8BF15EFD-B97E-32A9-C039-6A68F605D9D8">
<createdBy>miguel</createdBy>
<createdTime>2024-08-25 21:17:37 UTC</createdTime>
<generatorID>27BEAD1A-918B-E86A-E581-7A2F0BA1F29F</generatorID>
<ownerDesignName>Exp1_S3_Miguel_Bozo</ownerDesignName>
<engineerTo>
<item key="72D0E945-BF39-7C09-8EAD-72241B2282FC" value="true"/>
</engineerTo>
<referedAttribute>86FAF005-1293-8FC4-AAE3-35B5A37F2FA7</referedAttribute>
<useDomainConstraints>false</useDomainConstraints>
<use>1</use>
<logicalDatatype>LOGDT019</logicalDatatype>
<dataTypePrecision>20</dataTypePrecision>
<dataTypeScale>10</dataTypeScale>
<ownDataTypeParameters>,,</ownDataTypeParameters>
</Attribute>
</attributes>
<identifiers itemClass="oracle.dbtools.crest.model.design.logical.CandidateKey">
<identifier id="E31DA960-36ED-6169-32B5-CCF97089EF1A" name="Árbol PK">
<createdBy>miguel</createdBy>
<createdTime>2024-08-25 21:10:26 UTC</createdTime>
<ownerDesignName>Exp1_S3_Miguel_Bozo</ownerDesignName>
<engineerTo>
<item key="72D0E945-BF39-7C09-8EAD-72241B2282FC" value="true"/>
</engineerTo>
<pk>true</pk>
<usedAttributes>
<attributeRef>03A5F39E-19CF-4773-610C-041C353EAACD</attributeRef>
<attributeRef>8BF15EFD-B97E-32A9-C039-6A68F605D9D8</attributeRef>
</usedAttributes>
</identifier>
</identifiers>
</Entity>