<?xml version = '1.0' encoding = 'UTF-8'?>
<Entity class="oracle.dbtools.crest.model.design.logical.Entity" directorySegmentName="seg_0" id="0C00D84C-09A3-03BB-66E0-07F5F357400C" name="Academia">
<createdBy>miguel</createdBy>
<createdTime>2024-10-07 01:07:44 UTC</createdTime>
<ownerDesignName>EFT_S9_Miguel_Bozo</ownerDesignName>
<engineerTo>
<item key="3FDECFF5-FAE0-BD3B-5C13-15D8544EA903" value="true"/>
</engineerTo>
<adequatelyNormalized>NO</adequatelyNormalized>
<expectedVolumes>0</expectedVolumes>
<fwdEngineeringStrategyName>Single Table</fwdEngineeringStrategyName>
<growthPercent>0</growthPercent>
<growthType>Year</growthType>
<maxVolumes>9999999</maxVolumes>
<minVolumes>0</minVolumes>
<normalForm>Third</normalForm>
<attributes itemClass="oracle.dbtools.crest.model.design.logical.Attribute">
<Attribute name="id_academia" id="B7D8DA84-AFEF-F410-B5BF-CE37C18F430A">
<createdBy>miguel</createdBy>
<createdTime>2024-10-07 01:08:26 UTC</createdTime>
<ownerDesignName>EFT_S9_Miguel_Bozo</ownerDesignName>
<engineerTo>
<item key="3FDECFF5-FAE0-BD3B-5C13-15D8544EA903" value="true"/>
</engineerTo>
<useDomainConstraints>false</useDomainConstraints>
<use>1</use>
<logicalDatatype>LOGDT019</logicalDatatype>
<dataTypePrecision>10</dataTypePrecision>
<ownDataTypeParameters>,10,</ownDataTypeParameters>
</Attribute>
<Attribute name="nombre" id="6A6D0500-5B87-A2A0-1505-81EB877DAE3E">
<createdBy>miguel</createdBy>
<createdTime>2024-10-07 01:08:44 UTC</createdTime>
<ownerDesignName>EFT_S9_Miguel_Bozo</ownerDesignName>
<engineerTo>
<item key="3FDECFF5-FAE0-BD3B-5C13-15D8544EA903" value="true"/>
</engineerTo>
<useDomainConstraints>false</useDomainConstraints>
<use>1</use>
<logicalDatatype>LOGDT024</logicalDatatype>
<dataTypeSize>50 BYTE</dataTypeSize>
<ownDataTypeParameters>50 BYTE,,</ownDataTypeParameters>
</Attribute>
<Attribute name="cantidad_cursos" id="FEA7554A-B444-2BFB-5666-EAD326CA92AA">
<createdBy>miguel</createdBy>
<createdTime>2024-10-07 01:09:07 UTC</createdTime>
<ownerDesignName>EFT_S9_Miguel_Bozo</ownerDesignName>
<engineerTo>
<item key="3FDECFF5-FAE0-BD3B-5C13-15D8544EA903" value="true"/>
</engineerTo>
<useDomainConstraints>false</useDomainConstraints>
<use>1</use>
<logicalDatatype>LOGDT019</logicalDatatype>
<dataTypePrecision>10</dataTypePrecision>
<ownDataTypeParameters>,10,</ownDataTypeParameters>
</Attribute>
<Attribute name="comuna" id="29154EA8-DFB5-4D68-F856-DA2807E0823C">
<createdBy>miguel</createdBy>
<createdTime>2024-10-07 01:09:30 UTC</createdTime>
<ownerDesignName>EFT_S9_Miguel_Bozo</ownerDesignName>
<engineerTo>
<item key="3FDECFF5-FAE0-BD3B-5C13-15D8544EA903" value="true"/>
</engineerTo>
<useDomainConstraints>false</useDomainConstraints>
<use>1</use>
<logicalDatatype>LOGDT024</logicalDatatype>
<dataTypeSize>50</dataTypeSize>
<ownDataTypeParameters>50,,</ownDataTypeParameters>
</Attribute>
</attributes>
<identifiers itemClass="oracle.dbtools.crest.model.design.logical.CandidateKey">
<identifier id="189F546A-0572-027B-0364-7578C70A9E31" name="Academia PK">
<createdBy>miguel</createdBy>
<createdTime>2024-10-07 01:08:32 UTC</createdTime>
<ownerDesignName>EFT_S9_Miguel_Bozo</ownerDesignName>
<engineerTo>
<item key="3FDECFF5-FAE0-BD3B-5C13-15D8544EA903" value="true"/>
</engineerTo>
<pk>true</pk>
<usedAttributes>
<attributeRef>B7D8DA84-AFEF-F410-B5BF-CE37C18F430A</attributeRef>
</usedAttributes>
</identifier>
</identifiers>
</Entity>