<?xml version = '1.0' encoding = 'UTF-8'?>
<Entity class="oracle.dbtools.crest.model.design.logical.Entity" directorySegmentName="seg_0" id="317CF491-A06E-113C-361F-794610A44BDF" name="Formulario">
<createdBy>miguel</createdBy>
<createdTime>2024-10-07 01:32:55 UTC</createdTime>
<ownerDesignName>EFT_S9_Miguel_Bozo</ownerDesignName>
<engineerTo>
<item key="3FDECFF5-FAE0-BD3B-5C13-15D8544EA903" value="true"/>
</engineerTo>
<adequatelyNormalized>NO</adequatelyNormalized>
<expectedVolumes>0</expectedVolumes>
<fwdEngineeringStrategyName>Single Table</fwdEngineeringStrategyName>
<growthPercent>0</growthPercent>
<growthType>Year</growthType>
<maxVolumes>9999999</maxVolumes>
<minVolumes>0</minVolumes>
<normalForm>Third</normalForm>
<attributes itemClass="oracle.dbtools.crest.model.design.logical.Attribute">
<Attribute name="id_formulario" id="2FA3135F-265F-28C4-8FBB-3DA8CB38F5E8">
<createdBy>miguel</createdBy>
<createdTime>2024-10-07 01:33:00 UTC</createdTime>
<ownerDesignName>EFT_S9_Miguel_Bozo</ownerDesignName>
<engineerTo>
<item key="3FDECFF5-FAE0-BD3B-5C13-15D8544EA903" value="true"/>
</engineerTo>
<useDomainConstraints>false</useDomainConstraints>
<use>1</use>
<logicalDatatype>LOGDT019</logicalDatatype>
<dataTypePrecision>10</dataTypePrecision>
<ownDataTypeParameters>,10,</ownDataTypeParameters>
</Attribute>
<Attribute name="fecha_postulacion" id="A605A884-D2FD-C061-9F5C-8D7DEAA9A086">
<createdBy>miguel</createdBy>
<createdTime>2024-10-07 01:35:39 UTC</createdTime>
<ownerDesignName>EFT_S9_Miguel_Bozo</ownerDesignName>
<engineerTo>
<item key="3FDECFF5-FAE0-BD3B-5C13-15D8544EA903" value="true"/>
</engineerTo>
<useDomainConstraints>false</useDomainConstraints>
<use>1</use>
<logicalDatatype>LOGDT007</logicalDatatype>
<ownDataTypeParameters>,,</ownDataTypeParameters>
</Attribute>
<Attribute name="Correo" id="3617C51E-F539-0FD2-97A2-BA993658D940">
<createdBy>miguel</createdBy>
<createdTime>2024-10-07 01:35:51 UTC</createdTime>
<ownerDesignName>EFT_S9_Miguel_Bozo</ownerDesignName>
<engineerTo>
<item key="3FDECFF5-FAE0-BD3B-5C13-15D8544EA903" value="true"/>
</engineerTo>
<useDomainConstraints>false</useDomainConstraints>
<use>1</use>
<logicalDatatype>LOGDT024</logicalDatatype>
<dataTypeSize>50 BYTE</dataTypeSize>
<ownDataTypeParameters>50 BYTE,,</ownDataTypeParameters>
</Attribute>
<Attribute name="id_academia" id="65CD1108-79C6-7ED2-AC63-8F040324C8BA">
<createdBy>miguel</createdBy>
<createdTime>2024-10-07 01:53:13 UTC</createdTime>
<generatorID>B7E66FE8-E834-A1AA-9444-DDF44EA995F9</generatorID>
<ownerDesignName>EFT_S9_Miguel_Bozo</ownerDesignName>
<engineerTo>
<item key="3FDECFF5-FAE0-BD3B-5C13-15D8544EA903" value="true"/>
</engineerTo>
<referedAttribute>B7D8DA84-AFEF-F410-B5BF-CE37C18F430A</referedAttribute>
<useDomainConstraints>false</useDomainConstraints>
<use>1</use>
<logicalDatatype>LOGDT019</logicalDatatype>
<dataTypePrecision>10</dataTypePrecision>
<ownDataTypeParameters>,,</ownDataTypeParameters>
</Attribute>
<Attribute name="id_proyecto" id="CBD263BB-175F-4F90-3300-87C3201F3866">
<createdBy>miguel</createdBy>
<createdTime>2024-10-07 01:53:53 UTC</createdTime>
<generatorID>8F25937B-CA0E-1848-2CEB-45F66DD54DDD</generatorID>
<ownerDesignName>EFT_S9_Miguel_Bozo</ownerDesignName>
<engineerTo>
<item key="3FDECFF5-FAE0-BD3B-5C13-15D8544EA903" value="true"/>
</engineerTo>
<referedAttribute>727DFFE2-6858-FD7E-5209-E524E439F611</referedAttribute>
<useDomainConstraints>false</useDomainConstraints>
<use>1</use>
<logicalDatatype>LOGDT019</logicalDatatype>
<dataTypePrecision>10</dataTypePrecision>
<ownDataTypeParameters>,,</ownDataTypeParameters>
</Attribute>
</attributes>
<identifiers itemClass="oracle.dbtools.crest.model.design.logical.CandidateKey">
<identifier id="5F39140D-1AB2-9256-AEC5-B6F08E1573C9" name="Formulario PK">
<createdBy>miguel</createdBy>
<createdTime>2024-10-07 01:33:23 UTC</createdTime>
<ownerDesignName>EFT_S9_Miguel_Bozo</ownerDesignName>
<engineerTo>
<item key="3FDECFF5-FAE0-BD3B-5C13-15D8544EA903" value="true"/>
</engineerTo>
<pk>true</pk>
<usedAttributes>
<attributeRef>2FA3135F-265F-28C4-8FBB-3DA8CB38F5E8</attributeRef>
<attributeRef>65CD1108-79C6-7ED2-AC63-8F040324C8BA</attributeRef>
</usedAttributes>
</identifier>
</identifiers>
</Entity>