<?xml version = '1.0' encoding = 'UTF-8'?>
<Entity class="oracle.dbtools.crest.model.design.logical.Entity" directorySegmentName="seg_0" id="661FEE98-8DCE-B8DD-570F-7C7483C5398C" name="Proyecto_Concursable">
<createdBy>miguel</createdBy>
<createdTime>2024-10-07 01:36:11 UTC</createdTime>
<ownerDesignName>EFT_S9_Miguel_Bozo</ownerDesignName>
<engineerTo>
<item key="3FDECFF5-FAE0-BD3B-5C13-15D8544EA903" value="true"/>
</engineerTo>
<adequatelyNormalized>NO</adequatelyNormalized>
<expectedVolumes>0</expectedVolumes>
<fwdEngineeringStrategyName>Single Table</fwdEngineeringStrategyName>
<growthPercent>0</growthPercent>
<growthType>Year</growthType>
<maxVolumes>9999999</maxVolumes>
<minVolumes>0</minVolumes>
<normalForm>Third</normalForm>
<attributes itemClass="oracle.dbtools.crest.model.design.logical.Attribute">
<Attribute name="id_proyecto" id="727DFFE2-6858-FD7E-5209-E524E439F611">
<createdBy>miguel</createdBy>
<createdTime>2024-10-07 01:36:32 UTC</createdTime>
<ownerDesignName>EFT_S9_Miguel_Bozo</ownerDesignName>
<engineerTo>
<item key="3FDECFF5-FAE0-BD3B-5C13-15D8544EA903" value="true"/>
</engineerTo>
<useDomainConstraints>false</useDomainConstraints>
<use>1</use>
<logicalDatatype>LOGDT019</logicalDatatype>
<dataTypePrecision>10</dataTypePrecision>
<ownDataTypeParameters>,10,</ownDataTypeParameters>
</Attribute>
<Attribute name="Nombre" id="32183D96-4C27-6850-34EB-34770CA18A50">
<createdBy>miguel</createdBy>
<createdTime>2024-10-07 01:36:52 UTC</createdTime>
<ownerDesignName>EFT_S9_Miguel_Bozo</ownerDesignName>
<engineerTo>
<item key="3FDECFF5-FAE0-BD3B-5C13-15D8544EA903" value="true"/>
</engineerTo>
<useDomainConstraints>false</useDomainConstraints>
<use>1</use>
<logicalDatatype>LOGDT024</logicalDatatype>
<dataTypeSize>50 BYTE</dataTypeSize>
<ownDataTypeParameters>50 BYTE,,</ownDataTypeParameters>
</Attribute>
<Attribute name="fecha_postulacion" id="0BF06AF4-2806-C625-409B-F2063966501E">
<createdBy>miguel</createdBy>
<createdTime>2024-10-07 01:37:24 UTC</createdTime>
<ownerDesignName>EFT_S9_Miguel_Bozo</ownerDesignName>
<engineerTo>
<item key="3FDECFF5-FAE0-BD3B-5C13-15D8544EA903" value="true"/>
</engineerTo>
<useDomainConstraints>false</useDomainConstraints>
<use>1</use>
<logicalDatatype>LOGDT007</logicalDatatype>
<ownDataTypeParameters>,,</ownDataTypeParameters>
</Attribute>
<Attribute name="id_formulario" id="2CD3F4B3-6F84-7371-1CAE-DD002E8D9B27">
<createdBy>miguel</createdBy>
<createdTime>2024-10-07 01:53:42 UTC</createdTime>
<generatorID>8F25937B-CA0E-1848-2CEB-45F66DD54DDD</generatorID>
<ownerDesignName>EFT_S9_Miguel_Bozo</ownerDesignName>
<engineerTo>
<item key="3FDECFF5-FAE0-BD3B-5C13-15D8544EA903" value="true"/>
</engineerTo>
<referedAttribute>2FA3135F-265F-28C4-8FBB-3DA8CB38F5E8</referedAttribute>
<useDomainConstraints>false</useDomainConstraints>
<use>1</use>
<logicalDatatype>LOGDT019</logicalDatatype>
<dataTypePrecision>10</dataTypePrecision>
<ownDataTypeParameters>,,</ownDataTypeParameters>
</Attribute>
<Attribute name="id_academia" id="589A3C75-5BD7-0427-1EB4-4F7FF8C8C548">
<createdBy>miguel</createdBy>
<createdTime>2024-10-07 01:53:42 UTC</createdTime>
<generatorID>8F25937B-CA0E-1848-2CEB-45F66DD54DDD</generatorID>
<ownerDesignName>EFT_S9_Miguel_Bozo</ownerDesignName>
<engineerTo>
<item key="3FDECFF5-FAE0-BD3B-5C13-15D8544EA903" value="true"/>
</engineerTo>
<referedAttribute>65CD1108-79C6-7ED2-AC63-8F040324C8BA</referedAttribute>
<useDomainConstraints>false</useDomainConstraints>
<use>1</use>
<logicalDatatype>LOGDT019</logicalDatatype>
<dataTypePrecision>10</dataTypePrecision>
<ownDataTypeParameters>,,</ownDataTypeParameters>
</Attribute>
</attributes>
<identifiers itemClass="oracle.dbtools.crest.model.design.logical.CandidateKey">
<identifier id="069E58D9-713A-13C0-9717-393D44770FD6" name="Proyecto_Concursable PK">
<createdBy>miguel</createdBy>
<createdTime>2024-10-07 01:36:49 UTC</createdTime>
<ownerDesignName>EFT_S9_Miguel_Bozo</ownerDesignName>
<engineerTo>
<item key="3FDECFF5-FAE0-BD3B-5C13-15D8544EA903" value="true"/>
</engineerTo>
<pk>true</pk>
<usedAttributes>
<attributeRef>727DFFE2-6858-FD7E-5209-E524E439F611</attributeRef>
</usedAttributes>
</identifier>
</identifiers>
</Entity>