<?xml version = '1.0' encoding = 'UTF-8'?>
<Entity class="oracle.dbtools.crest.model.design.logical.Entity" directorySegmentName="seg_0" id="834F894F-F646-8477-3E83-D9C192778D67" name="Danza">
<createdBy>miguel</createdBy>
<createdTime>2024-10-07 01:41:41 UTC</createdTime>
<ownerDesignName>EFT_S9_Miguel_Bozo</ownerDesignName>
<engineerTo>
<item key="3FDECFF5-FAE0-BD3B-5C13-15D8544EA903" value="true"/>
</engineerTo>
<adequatelyNormalized>NO</adequatelyNormalized>
<expectedVolumes>0</expectedVolumes>
<fwdEngineeringStrategyName>Single Table</fwdEngineeringStrategyName>
<growthPercent>0</growthPercent>
<growthType>Year</growthType>
<maxVolumes>9999999</maxVolumes>
<minVolumes>0</minVolumes>
<normalForm>Third</normalForm>
<attributes itemClass="oracle.dbtools.crest.model.design.logical.Attribute">
<Attribute name="id_danza" id="FA97A7A1-B158-CA13-B797-880D5B147142">
<createdBy>miguel</createdBy>
<createdTime>2024-10-07 01:41:46 UTC</createdTime>
<ownerDesignName>EFT_S9_Miguel_Bozo</ownerDesignName>
<engineerTo>
<item key="3FDECFF5-FAE0-BD3B-5C13-15D8544EA903" value="true"/>
</engineerTo>
<useDomainConstraints>false</useDomainConstraints>
<use>1</use>
<logicalDatatype>LOGDT019</logicalDatatype>
<dataTypePrecision>10</dataTypePrecision>
<ownDataTypeParameters>,10,</ownDataTypeParameters>
</Attribute>
<Attribute name="nombre" id="0655F109-9681-7D37-E85B-7C01B80C08D8">
<createdBy>miguel</createdBy>
<createdTime>2024-10-07 01:42:04 UTC</createdTime>
<ownerDesignName>EFT_S9_Miguel_Bozo</ownerDesignName>
<engineerTo>
<item key="3FDECFF5-FAE0-BD3B-5C13-15D8544EA903" value="true"/>
</engineerTo>
<useDomainConstraints>false</useDomainConstraints>
<use>1</use>
<logicalDatatype>LOGDT024</logicalDatatype>
<dataTypeSize>50 BYTE</dataTypeSize>
<ownDataTypeParameters>50 BYTE,,</ownDataTypeParameters>
</Attribute>
<Attribute name="id_tipo" id="C0EDC9E6-8C4D-0184-732F-5C9D662B5208">
<createdBy>miguel</createdBy>
<createdTime>2024-10-07 01:55:29 UTC</createdTime>
<generatorID>B8537AA1-2A95-F8D0-B224-513E9AF07928</generatorID>
<ownerDesignName>EFT_S9_Miguel_Bozo</ownerDesignName>
<engineerTo>
<item key="3FDECFF5-FAE0-BD3B-5C13-15D8544EA903" value="true"/>
</engineerTo>
<referedAttribute>449CC627-A84F-C2EA-76E7-C5F98DCF3E48</referedAttribute>
<useDomainConstraints>false</useDomainConstraints>
<use>1</use>
<logicalDatatype>LOGDT019</logicalDatatype>
<dataTypePrecision>10</dataTypePrecision>
<ownDataTypeParameters>,,</ownDataTypeParameters>
</Attribute>
</attributes>
<identifiers itemClass="oracle.dbtools.crest.model.design.logical.CandidateKey">
<identifier id="07F71E19-B5B3-43E8-E8C8-EFACB95A3F8F" name="Danza PK">
<createdBy>miguel</createdBy>
<createdTime>2024-10-07 01:41:54 UTC</createdTime>
<ownerDesignName>EFT_S9_Miguel_Bozo</ownerDesignName>
<engineerTo>
<item key="3FDECFF5-FAE0-BD3B-5C13-15D8544EA903" value="true"/>
</engineerTo>
<pk>true</pk>
<usedAttributes>
<attributeRef>FA97A7A1-B158-CA13-B797-880D5B147142</attributeRef>
<attributeRef>C0EDC9E6-8C4D-0184-732F-5C9D662B5208</attributeRef>
</usedAttributes>
</identifier>
</identifiers>
</Entity>