<?xml version = '1.0' encoding = 'UTF-8'?>
<Entity class="oracle.dbtools.crest.model.design.logical.Entity" directorySegmentName="seg_0" id="C5D901E5-CE55-AE95-E7CA-F33D65682342" name="Profesor">
<createdBy>miguel</createdBy>
<createdTime>2024-10-07 01:42:24 UTC</createdTime>
<ownerDesignName>EFT_S9_Miguel_Bozo</ownerDesignName>
<engineerTo>
<item key="3FDECFF5-FAE0-BD3B-5C13-15D8544EA903" value="true"/>
</engineerTo>
<adequatelyNormalized>NO</adequatelyNormalized>
<expectedVolumes>0</expectedVolumes>
<fwdEngineeringStrategyName>Single Table</fwdEngineeringStrategyName>
<growthPercent>0</growthPercent>
<growthType>Year</growthType>
<maxVolumes>9999999</maxVolumes>
<minVolumes>0</minVolumes>
<normalForm>Third</normalForm>
<attributes itemClass="oracle.dbtools.crest.model.design.logical.Attribute">
<Attribute name="id_profesor" id="76CC4BBE-0BF3-4975-2870-BC3CC956EF03">
<createdBy>miguel</createdBy>
<createdTime>2024-10-07 01:42:29 UTC</createdTime>
<ownerDesignName>EFT_S9_Miguel_Bozo</ownerDesignName>
<engineerTo>
<item key="3FDECFF5-FAE0-BD3B-5C13-15D8544EA903" value="true"/>
</engineerTo>
<useDomainConstraints>false</useDomainConstraints>
<use>1</use>
<logicalDatatype>LOGDT019</logicalDatatype>
<dataTypePrecision>10</dataTypePrecision>
<ownDataTypeParameters>,10,</ownDataTypeParameters>
</Attribute>
<Attribute name="nombre" id="7DF1A00A-2895-2ABD-788E-8866D71A686A">
<createdBy>miguel</createdBy>
<createdTime>2024-10-07 01:43:00 UTC</createdTime>
<ownerDesignName>EFT_S9_Miguel_Bozo</ownerDesignName>
<engineerTo>
<item key="3FDECFF5-FAE0-BD3B-5C13-15D8544EA903" value="true"/>
</engineerTo>
<useDomainConstraints>false</useDomainConstraints>
<use>1</use>
<logicalDatatype>LOGDT024</logicalDatatype>
<dataTypeSize>50 BYTE</dataTypeSize>
<ownDataTypeParameters>50 BYTE,,</ownDataTypeParameters>
</Attribute>
<Attribute name="especialidad" id="06463E91-7D9C-BC2F-8DA4-1FE8BB3B7EEE">
<createdBy>miguel</createdBy>
<createdTime>2024-10-07 01:43:14 UTC</createdTime>
<ownerDesignName>EFT_S9_Miguel_Bozo</ownerDesignName>
<engineerTo>
<item key="3FDECFF5-FAE0-BD3B-5C13-15D8544EA903" value="true"/>
</engineerTo>
<useDomainConstraints>false</useDomainConstraints>
<use>1</use>
<logicalDatatype>LOGDT024</logicalDatatype>
<dataTypeSize>50 BYTE</dataTypeSize>
<ownDataTypeParameters>50 BYTE,,</ownDataTypeParameters>
</Attribute>
<Attribute name="id_tipo" id="6B8D5105-C6B6-D729-425A-491778B92702">
<createdBy>miguel</createdBy>
<createdTime>2024-10-07 01:54:18 UTC</createdTime>
<generatorID>00C14360-C2BE-888A-5DEB-62C43F5DB66C</generatorID>
<ownerDesignName>EFT_S9_Miguel_Bozo</ownerDesignName>
<engineerTo>
<item key="3FDECFF5-FAE0-BD3B-5C13-15D8544EA903" value="true"/>
</engineerTo>
<referedAttribute>449CC627-A84F-C2EA-76E7-C5F98DCF3E48</referedAttribute>
<useDomainConstraints>false</useDomainConstraints>
<use>1</use>
<logicalDatatype>LOGDT019</logicalDatatype>
<dataTypePrecision>10</dataTypePrecision>
<ownDataTypeParameters>,,</ownDataTypeParameters>
</Attribute>
</attributes>
<identifiers itemClass="oracle.dbtools.crest.model.design.logical.CandidateKey">
<identifier id="7C33EFEC-589F-29F9-4F8F-D75B435F0E3D" name="Profesor PK">
<createdBy>miguel</createdBy>
<createdTime>2024-10-07 01:42:36 UTC</createdTime>
<ownerDesignName>EFT_S9_Miguel_Bozo</ownerDesignName>
<engineerTo>
<item key="3FDECFF5-FAE0-BD3B-5C13-15D8544EA903" value="true"/>
</engineerTo>
<pk>true</pk>
<usedAttributes>
<attributeRef>76CC4BBE-0BF3-4975-2870-BC3CC956EF03</attributeRef>
<attributeRef>6B8D5105-C6B6-D729-425A-491778B92702</attributeRef>
</usedAttributes>
</identifier>
</identifiers>
</Entity>